"Reference","Latitude","Longitude"
"TBM1996032006",27.9105,-82.620167
"TBM1996032004",27.855333,-82.5545
"TBM1996032207",27.926667,-82.533167
"TBM1996042601",27.982667,-82.6925
"TBM1996051312",27.861,-82.592667
"TBM1996051407",27.915333,-82.605167
"TBM1996051415",27.936333,-82.676167
"TBM1996032209",27.970167,-82.640833
"TBM1996041807",27.863167,-82.544333
"TBM1996042602",27.955667,-82.719833
"TBM1996022010",27.945833,-82.724167
"TBM1996022104",27.870167,-82.540833
"TBM1996051405",27.962167,-82.597833
"TBM1996061304",27.872833,-82.609833
"TBM1996042603",27.909667,-82.643333
"TBM1996080603",27.910167,-82.632667
"TBM1996080604",27.906167,-82.638167
"TBM1996061402",27.982333,-82.692667
"TBM1996062104",27.966,-82.575333
"TBM1996062001",27.969667,-82.616
"TBM1996071110",27.984833,-82.611
"TBM1996081408",27.951833,-82.712167
"TBM1996081515",27.915833,-82.6825
"TBM1996091709",28.008,-82.671167
"TBM1996022007",28.003333,-82.666167
"TBM1996022014",27.945333,-82.641333
"TBM1996061301",27.874667,-82.602167
"TBM2003101710",27.922567,-82.687733
"TBM2003111010",27.923017,-82.68765
"TBM2003111013",27.942417,-82.712067
"TBM2003111305",27.865383,-82.59875
"TBM2003120204",27.91975,-82.688
"TBM2003120611",27.9307,-82.683933
"TBM2003111713",27.94905,-82.54825
"TBM1996061917",27.852333,-82.595667
"TBM1996071105",27.967333,-82.575667
"TBM1996011905",27.991667,-82.684167
"TBM1996081407",27.922,-82.624167
"TBM1996091705",27.931333,-82.7025
"TBM1996051508",28.004167,-82.655667
"TBM1996022008",27.974167,-82.6375
"TBM1996032101",28.0185,-82.6815
"TBM1996032205",27.946333,-82.5445
"TBM1996041808",27.87,-82.537167
"TBM1996042404",27.845667,-82.555
"TBM1996051505",27.942,-82.545333
"TBM1996011804",27.866,-82.542833
"TBM1996011809",27.963167,-82.590833
"TBM1996011802",27.8765,-82.535833
"TBM1996041703",27.986667,-82.6335
"TBM1996022101",27.884167,-82.620833
"TBM1996032204",27.958167,-82.571
"TBM1996041702",27.976167,-82.689
"TBM1996041709",27.944833,-82.544167
"TBM1996051416",27.960333,-82.698833
"TBM1996051704",27.8275,-82.591667
"TBM1996011801",27.8835,-82.535833
"TBM1996011812",27.956833,-82.705667
"TBM1996041708",27.961667,-82.565833
"TBM1996072207",28.0025,-82.655167
"TBM1996072208",27.994833,-82.676167
"TBM1996091104",27.883167,-82.533667
"TBM1996061910",27.83,-82.584833
"TBM1996072201",27.9725,-82.614333
"TBM2003111304",27.86395,-82.545417
"TBM2003111708",27.877783,-82.61195
"TBM1996081405",27.981833,-82.606833
"TBM2003101703",27.91335,-82.64145
"TBM2003111710",27.960317,-82.54945
"TBM2003120202",27.9053,-82.6373
"TBM2003120203",27.91365,-82.669517
"TBM2003120205",27.9653,-82.692917
"TBM2003120609",27.924567,-82.687817
"TBM1996072209",27.987667,-82.652333
"TBM1996062013",27.929333,-82.661167
"TBM1996091708",28.002333,-82.664667
"TBM1996090602",27.909167,-82.6435
"TBM1996091701",27.946,-82.6375
"TBM1996101008",27.881167,-82.539167
"TBM1996101710",27.9685,-82.686333
"TBM1996110402",27.954833,-82.721167
"TBM1996112022",27.961833,-82.571
"TBM1996101108",27.92,-82.6885
"TBM1996112028",27.9165,-82.683167
"TBM1996121110",27.921333,-82.697333
"TBM1996101707",27.989167,-82.675
"TBM1996120603",27.8265,-82.591333
"TBM1996121101",27.9975,-82.659
"TBM1996112107",27.879167,-82.613
"TBM1996101004",27.874167,-82.596667
"TBM1996110403",27.922333,-82.696333
"TBM1997011520",27.92,-82.688
"TBM1996101608",27.84,-82.586667
"TBM1996110401",28.006833,-82.664
"TBM1996112014",27.998667,-82.657667
"TBM1996120601",27.881833,-82.539
"TBM1996101112",27.959333,-82.6935
"TBM1996101717",27.9675,-82.582833
"TBM1996120403",27.963167,-82.688167
"TBM1997011523",27.956833,-82.559833
"TBM1996120903",27.987,-82.626667
"TBM1997011612",27.824667,-82.588833
"TBM1996112024",27.958833,-82.573
"TBM1997021910",27.895667,-82.637833
"TBM1997021704",27.882167,-82.5345
"TBM1997031815",27.881,-82.539333
"TBM1997031016",27.871833,-82.596833
"TBM1997032001",27.945333,-82.721167
"TBM1997021906",27.848167,-82.549333
"TBM1997032002",27.921333,-82.6955
"TBM1997031008",27.873333,-82.549167
"TBM1997031011",27.936,-82.563333
"TBM1997051903",27.876167,-82.597167
"TBM1997051504",27.88,-82.6135
"TBM1997041615",27.8415,-82.539833
"TBM1997051505",27.891167,-82.638
"TBM1997042402",28.005167,-82.664667
"TBM1997051403",27.933,-82.6905
"TBM1997011521",27.916667,-82.667333
"TBM1997031012",27.895667,-82.607333
"TBM1997031105",27.909333,-82.65
"TBM1997031108",27.921,-82.656833
"TBM1997011516",27.950333,-82.717833
"TBM1997021905",27.842833,-82.553
"TBM1997021911",27.907833,-82.563667
"TBM1997041406",27.962333,-82.560167
"TBM1997032003",27.913,-82.663167
"TBM1997011501",27.8635,-82.543167
"TBM1997011609",27.931833,-82.533667
"TBM1997042404",27.973667,-82.600667
"TBM1997051405",27.928,-82.706833
"TBM1997031101",27.9385,-82.677667
"TBM1997031104",27.924833,-82.696667
"TBM1997041401",27.977833,-82.586667
"TBM1997041405",27.962167,-82.5715
"TBM2003101708",27.929983,-82.68435
"TBM2003111007",27.92985,-82.683217
"TBM2003111714",27.9501,-82.547867
"TBM2003111012",27.917617,-82.682467
"TBM2003111302",27.8823,-82.539883
"TBM2003111707",27.881067,-82.615033
"TBM2004010801",27.924017,-82.5322
"TBM2003101709",27.929483,-82.684317
"TBM2003101704",27.912783,-82.642867
"TBM2003111703",27.874017,-82.606317
"TBM2003120201",27.973983,-82.5952
"TBM2003120206",27.979817,-82.688483
"TBM1997051401",27.9645,-82.573833
"TBM2003101706",27.91815,-82.68235
"TBM2003101707",27.917,-82.68345
"TBM2003101711",27.92315,-82.687783
"TBM2003111607",27.840533,-82.5453
"TBM2003111706",27.880883,-82.614767
"TBM2004010901",27.954717,-82.720317
"TBM2004020403",27.922817,-82.687683
"TBM2003120608",27.922467,-82.687433
"TBM2004010706",27.841933,-82.545917
"TBM2004021406",27.94975,-82.54785
"TBM2004031008",27.948883,-82.552983
"TBM2004040402",27.904733,-82.632867
"TBM2004020406",27.917433,-82.682817
"TBM2004031001",27.873867,-82.60735
"TBM2004031007",27.94795,-82.552917
"TBM2004031206",27.909283,-82.6303
"TBM2004040405",28.001617,-82.632633
"TBM2003111605",27.84715,-82.55115
"TBM2003111606",27.8401,-82.545833
"TBM2003120404",27.870633,-82.590867
"TBM2003120610",27.92975,-82.684517
"TBM2004021407",27.95005,-82.548867
"TBM2004020105",28.0056,-82.6645
"TBM2004021408",27.949067,-82.553183
"TBM2004020101",27.9564,-82.7121
"TBM2004020404",27.922467,-82.688017
"TBM2004021409",27.948883,-82.553883
"TBM2004011504",27.920933,-82.687817
"TBM2004021403",27.859733,-82.595467
"TBM2004020103",27.990933,-82.623283
"TBM2004030307",27.923433,-82.6878
"TBM2004021001",27.89965,-82.6354
"TBM2004030311",27.9024,-82.641767
"TBM2004031607",27.841133,-82.544983
"TBM2004030312",27.8892,-82.628367
"TBM2004031002",27.874083,-82.606
"TBM2004031006",27.87925,-82.6077
"TBM2004040105",27.882767,-82.616733
"TBM2004030308",27.922533,-82.6879
"TBM2004031201",28.00065,-82.655383
"TBM2004031010",27.950383,-82.5474
"TBM2004031610",27.8661,-82.53965
"TBM1996022002",27.991667,-82.6285
"TBM1996022105",27.848667,-82.557667
"TBM1996041711",27.964833,-82.566667
"TBM2004010904",27.99085,-82.620317
"TBM2004020407",27.92,-82.649
"TBM2004020411",27.911433,-82.645983
"TBM2004050501",27.993233,-82.683333
"TBM2004050601",27.86675,-82.542033
"TBM2004050604",27.953617,-82.7219
"TBM2004050605",27.95565,-82.719333
"TBM2004040401",27.927933,-82.706
"TBM2004040905",27.927417,-82.533133
"TBM2004050504",28.010017,-82.6664
"TBM2004050507",27.974433,-82.688617
"TBM2004050802",27.830667,-82.58855
"TBM2004060101",28.008133,-82.676867
"TBM2004060904",27.878533,-82.615317
"TBM2004060903",27.891717,-82.637983
"TBM2004070504",27.97015,-82.5745
"TBM2004031011",27.9594,-82.549333
"TBM2004041407",27.835367,-82.582833
"TBM1996062101",27.9555,-82.719833
"TBM1996091703",27.947,-82.549167
"TBM2003111008",27.929383,-82.683933
"TBM2003111705",27.93245,-82.6135
"TBM2003111802",27.925967,-82.692133
"TBM2003120605",27.911983,-82.64615
"TBM1997062403",27.825833,-82.5915
"TBM1997061708",27.906833,-82.640333
"TBM1997062311",27.941167,-82.5735
"TBM1997052302",27.913,-82.6755
"TBM1997061705",27.905333,-82.6325
"TBM1997062307",27.9525,-82.698
"TBM1997072205",27.887333,-82.614
"TBM1997062002",27.875667,-82.592667
"TBM1997062312",27.968167,-82.633833
"TBM1997081109",27.882667,-82.533667
"TBM1997081204",27.9125,-82.671833
"TBM1997071407",27.9045,-82.637667
"TBM1997081113",27.931,-82.544667
"TBM1997072105",27.9375,-82.722833
"TBM1997072109",27.962,-82.571667
"TBM1997072202",27.8425,-82.589
"TBM1997071706",27.8425,-82.540667
"TBM1997051906",27.878,-82.590167
"TBM1997081203",27.826,-82.592
"TBM1997072107",27.965333,-82.657
"TBM1997081106",27.995167,-82.623833
"TBM1997051912",27.868667,-82.607
"TBM1997061704",27.833833,-82.552333
"TBM1997062306",28.000333,-82.6745
"TBM2004080207",27.837533,-82.537
"TBM2004071002",27.88265,-82.619533
"TBM2004071701",27.853567,-82.59675
"TBM2004076201",28.017917,-82.67405
"TBM1997081115",27.9635,-82.5745
"TBM1997091109",27.973333,-82.606
"TBM1997091811",27.963,-82.682833
"TBM1997100720",27.9515,-82.691333
"TBM1997100723",27.989167,-82.683167
"TBM2004071103",27.848533,-82.5549
"TBM2004071706",27.850483,-82.58995
"TBM2004081201",27.96205,-82.571667
"TBM2004090701",27.882433,-82.619283
"TBM1997100707",27.9275,-82.533833
"TBM2004081602",27.8388,-82.5853
"TBM1997100726",27.9995,-82.6365
"TBM1997110703",27.882,-82.619167
"TBM1997110707",27.876667,-82.595333
"TBM1997110709",27.845167,-82.594
"TBM2004070503",28.01155,-82.656917
"TBM2004071003",27.883083,-82.620267
"TBM2004071705",27.842117,-82.594067
"TBM2004081606",27.85455,-82.59665
"TBM2004090705",27.93715,-82.559017
"TBM2004080201",27.88645,-82.613283
"TBM2004071105",27.8823,-82.534383
"TBM2004071708",27.831333,-82.581433
"TBM2004081203",27.91565,-82.678433
"TBM2004081608",27.842067,-82.5939
"TBM2004091302",27.972383,-82.592517
"TBM2004091305",27.9752,-82.69005
"TBM1996120401",27.9735,-82.6045
"TBM1997011508",27.8335,-82.561667
"TBM2004091605",27.848283,-82.59515
"TBM2004081601",27.829483,-82.589267
"TBM2004091601",27.85305,-82.596583
"TBM2004090702",27.853533,-82.59665
"TBM2004081604",27.840683,-82.591467
"TBM2004090505",27.846983,-82.549633
"TBM1997091201",27.918167,-82.609167
"TBM1997100716",27.957167,-82.709
"TBM1997091818",27.944167,-82.5925
"TBM1997091906",27.8435,-82.544167
"TBM1997111002",28.004167,-82.654167
"TBM1997091816",27.927167,-82.573167
"TBM1997100705",27.94,-82.551
"TBM1997101003",27.972966,-82.603906
"TBM1998021807",27.926667,-82.690833
"TBM1998012004",27.900833,-82.639833
"TBM1997101502",27.868167,-82.599167
"TBM1997091808",27.9615,-82.6875
"TBM1997091208",27.836667,-82.537667
"TBM1997100725",28.018,-82.667
"TBM1997021912",27.9125,-82.534167
"TBM1997022010",27.975333,-82.689167
"TBM1998012103",27.881667,-82.533833
"TBM1997101503",27.866667,-82.599333
"TBM1997100722",27.9675,-82.670167
"TBM1997100811",27.868667,-82.5885
"TBM1997041404",27.962833,-82.572667
"TBM1997051402",27.915667,-82.682833
"TBM1998012001",27.963167,-82.689333
"TBM1998032402",27.988,-82.6215
"TBM1998032406",28.006167,-82.675333
"TBM1997120811",27.962333,-82.691167
"TBM1998021202",27.859667,-82.591833
"TBM1998041509",27.915167,-82.677667
"TBM1998041601",27.826833,-82.591
"TBM1998041604",27.905333,-82.633
"TBM1998032403",27.998333,-82.654667
"TBM1998051204",27.901167,-82.64
"TBM1998061903",27.864167,-82.545833
"TBM1998072105",27.917333,-82.681333
"TBM1998072202",28.003333,-82.654167
"TBM1998081304",27.876667,-82.5955
"TBM1998081905",27.827,-82.5915
"TBM1997120507",27.881,-82.539833
"TBM1997120805",27.999167,-82.660167
"TBM1997111701",28.012667,-82.676333
"TBM1998021205",27.917,-82.681833
"TBM1998032404",28.003333,-82.653667
"TBM1998032407",27.955,-82.704167
"TBM1998031306",27.893833,-82.638167
"TBM1998021203",28.029667,-82.685833
"TBM1998021206",27.937833,-82.7215
"TBM1998021803",27.954667,-82.720333
"TBM1998041501",27.983167,-82.606667
"TBM2004010708",27.851083,-82.555917
"TBM2004010808",27.9583,-82.548883
"TBM2004020401",27.928117,-82.68325
"TBM2004031009",27.9503,-82.547767
"TBM1998061505",27.997,-82.680333
"TBM1998061902",27.8825,-82.534167
"TBM1998071705",27.864,-82.540167
"TBM1998051304",27.831833,-82.588167
"TBM1998041607",27.876333,-82.597167
"TBM1998051201",28.023167,-82.687167
"TBM1998051303",27.865667,-82.6045
"TBM1998051202",27.997667,-82.635833
"TBM1998051203",27.896667,-82.6375
"TBM1998041516",27.919667,-82.688333
"TBM1998061904",27.843333,-82.541667
"TBM1998061905",27.904167,-82.535833
"TBM1998072104",27.912167,-82.672333
"TBM1998061504",28.006667,-82.654333
"TBM1998072103",27.910833,-82.6275
"TBM1998081302",27.918333,-82.686333
"TBM1998081701",27.95,-82.7225
"TBM1998081717",28.025167,-82.688167
"TBM1998092101",27.874333,-82.598
"TBM1998072101",27.871333,-82.593833
"TBM1998081708",27.960833,-82.549167
"TBM1998100710",27.956833,-82.644333
"TBM1998110208",27.878333,-82.531667
"TBM1998110304",27.881667,-82.539167
"TBM1998100711",28.0275,-82.671167
"TBM1998110402",27.9565,-82.630333
"TBM1998110408",27.973,-82.594333
"TBM1998110415",27.984333,-82.613
"TBM1997072106",27.942833,-82.686667
"TBM1998101308",27.937167,-82.5355
"TBM1998091404",27.958833,-82.707833
"TBM1998101203",27.873,-82.609
"TBM1998110401",27.9665,-82.649667
"TBM1998110303",27.8665,-82.538667
"TBM1998110411",27.973333,-82.605167
"TBM1999011205",27.919333,-82.688
"TBM1999040208",27.923333,-82.534667
"TBM1998091105",27.971333,-82.582667
"TBM1998091401",27.902333,-82.642333
"TBM1998101305",27.936,-82.72
"TBM1998091402",27.913333,-82.675833
"TBM1998100707",27.855667,-82.592667
"TBM1998110406",27.945833,-82.718333
"TBM1999030208",27.973167,-82.609
"TBM1999030211",28.010333,-82.654333
"TBM1999050408",27.839167,-82.536667
"TBM1999051402",27.946333,-82.722
"TBM1999061615",27.964167,-82.663333
"TBM1999061619",27.998,-82.656667
"TBM1998120811",27.995,-82.661
"TBM1999031201",27.881833,-82.539333
"TBM1998120408",27.927,-82.6905
"TBM1999052002",27.913667,-82.6755
"TBM1998101201",27.9035,-82.6335
"TBM1998120406",27.903333,-82.640833
"TBM1998120810",27.9645,-82.665333
"TBM1998110409",27.955667,-82.716333
"TBM1998120402",27.864667,-82.5995
"TBM1999021503",27.930167,-82.703
"TBM1999021509",27.911833,-82.660167
"TBM1999021511",27.905,-82.6325
"TBM1999010503",27.9625,-82.691833
"TBM1998110207",27.871333,-82.535
"TBM1999021502",27.992667,-82.635167
"TBM1999021504",27.954167,-82.718833
"TBM1999041302",27.8765,-82.597667
"TBM1999050409",27.839833,-82.536667
"TBM1997091103",28.0175,-82.667
"TBM1999050404",27.8815,-82.538833
"TBM1997091815",27.9155,-82.591167
"TBM1997100803",27.829833,-82.587833
"TBM1997111708",27.901833,-82.540333
"TBM2004071707",27.846683,-82.5944
"TBM2004081609",27.8334,-82.588917
"TBM2004100101",27.97395,-82.58845
"TBM2004100102",27.9703,-82.618033
"TBM2004100104",27.937767,-82.649583
"TBM2004100301",27.885917,-82.623033
"TBM2004111103",27.964533,-82.664517
"TBM2004121204",27.863917,-82.545067
"TBM2004100103",27.964433,-82.648567
"TBM2004101101",28.0034,-82.637617
"TBM2004101903",27.84005,-82.593533
"TBM2004091607",27.837583,-82.5912
"TBM2004091608",27.833833,-82.58615
"TBM2004100305",27.825317,-82.591767
"TBM2004101902",27.844433,-82.594067
"TBM2004101904",27.837233,-82.591833
"TBM2004101908",27.854217,-82.596067
"TBM2004120105",27.961817,-82.568517
"TBM2004091604",27.851983,-82.595917
"TBM2004101901",27.8549,-82.596717
"TBM2004101907",27.848417,-82.59555
"TBM2004111707",27.841933,-82.591683
"TBM2004111708",27.82915,-82.5895
"TBM2004101106",27.9341,-82.716033
"TBM2004111701",27.8343,-82.58935
"TBM2004111705",27.85755,-82.591217
"TBM2004101906",27.845833,-82.594133
"TBM2004111207",27.975933,-82.600217
"TBM2004100106",27.863717,-82.542167
"TBM2004101105",27.937883,-82.722267
"TBM2004110901",27.836067,-82.58925
"TBM2004111702",27.849183,-82.597067
"TBM1998032405",28.029333,-82.690667
"TBM2004110905",27.832417,-82.58325
"TBM2004111203",27.9693,-82.691633
"TBM2004111204",27.945817,-82.67735
"TBM1998061507",27.945667,-82.721833
"TBM1998061805",27.847833,-82.593333
"TBM1998061901",27.87,-82.539667
"TBM1998081303",27.91,-82.643167
"TBM1998101317",28.011,-82.656167
"TBM1999051404",28.017667,-82.6665
"TBM1999060404",27.834333,-82.588167
"TBM1999030212",28.020333,-82.684167
"TBM1999041412",27.842833,-82.591833
"TBM1999040207",27.939167,-82.540833
"TBM1999060911",27.927333,-82.533
"TBM1999061602",27.9575,-82.7085
"TBM1999060408",27.8335,-82.5355
"TBM1999061606",27.926333,-82.692
"TBM1999071609",27.962333,-82.692833
"TBM1999041309",27.9075,-82.629667
"TBM1999080507",27.949833,-82.545333
"TBM1999100621",27.866333,-82.566
"TBM1999080302",27.8785,-82.5325
"TBM1999080308",27.895833,-82.539333
"TBM1999080508",27.956167,-82.546
"TBM1999072302",27.891667,-82.633
"TBM1999080307",27.8525,-82.554833
"TBM1999090803",27.965833,-82.690833
"TBM1999072303",27.904833,-82.633167
"TBM1999081304",27.874667,-82.606
"TBM1999100605",27.948667,-82.677833
"TBM1999100620",27.878167,-82.532167
"TBM1999071608",27.951,-82.5475
"TBM1999072101",27.864667,-82.601667
"TBM1999100613",27.928833,-82.608833
"TBM1999110211",27.955833,-82.718667
"TBM1999072304",27.910667,-82.644667
"TBM1999090804",28.009167,-82.654167
"TBM1999091307",27.864833,-82.597667
"TBM1999110110",27.896833,-82.5375
"TBM1999111003",27.864667,-82.596
"TBM1999111005",27.865667,-82.593333
"TBM1999101108",27.8955,-82.639833
"TBM1999110210",27.922833,-82.694
"TBM1999120102",27.912167,-82.673667
"TBM2000011903",27.884833,-82.539833
"TBM1999100609",27.958833,-82.625
"TBM2000011203",27.962667,-82.688833
"TBM1999120310",27.881833,-82.615667
"TBM1999111007",27.915,-82.603667
"TBM1999120104",27.946,-82.722
"TBM2000011916",27.897167,-82.640667
"TBM1999111011",27.929333,-82.533
"TBM2000020305",27.845333,-82.549333
"TBM2000022201",28.025,-82.665667
"TBM2000041313",27.973833,-82.595167
"TBM2000041905",27.863167,-82.544333
"TBM2000041907",27.8275,-82.589833
"TBM2000041307",27.9625,-82.572333
"TBM2000030103",27.864,-82.5425
"TBM2000031504",28.010667,-82.654667
"TBM2000041708",27.855333,-82.596667
"TBM2000041311",27.9735,-82.601
"TBM2000071417",27.965167,-82.566333
"TBM2000051503",27.905667,-82.638333
"TBM2000070606",27.9195,-82.687833
"TBM2000051502",27.961667,-82.573167
"TBM2000051005",28.009167,-82.654167
"TBM2000051207",27.879167,-82.532167
"TBM2000051208",27.883,-82.534167
"TBM2000051702",27.997167,-82.681
"TBM2000051003",28,-82.655
"TBM2000071803",27.880167,-82.532333
"TBM2000080402",27.914167,-82.535
"TBM2005010601",27.909367,-82.653083
"TBM2005011101",27.938017,-82.723283
"TBM2005020106",27.864967,-82.603433
"TBM2005021402",27.839017,-82.592917
"TBM2000062607",28.0095,-82.639
"TBM2000091306",27.91,-82.654667
"TBM2004121202",27.827917,-82.589567
"TBM2005021403",27.848517,-82.595483
"TBM2005030902",27.9621,-82.685817
"TBM2000062601",27.999667,-82.6765
"TBM2000062610",27.8975,-82.638167
"TBM2000062612",27.9715,-82.6075
"TBM2000070602",27.980833,-82.6925
"TBM2000080804",28.009333,-82.654333
"TBM2000080807",27.993667,-82.683833
"TBM2000071804",27.8825,-82.5395
"TBM2000071805",27.941333,-82.546333
"TBM2000080812",27.983167,-82.6915
"TBM2005020406",28.00665,-82.675533
"TBM2005021407",27.838783,-82.59245
"TBM2005030903",27.969567,-82.6906
"TBM2005031405",27.848133,-82.595433
"TBM2004121504",27.849067,-82.595917
"TBM2005011405",27.83995,-82.593067
"TBM2005020405",28.017,-82.667533
"TBM2005020401",27.957483,-82.715
"TBM2005010602",27.963383,-82.675367
"TBM2005011404",27.837067,-82.5895
"TBM2000091401",28.010333,-82.678333
"TBM2005011403",27.832167,-82.588567
"TBM2005020703",27.940583,-82.542733
"TBM2005011401",27.857867,-82.59615
"TBM2005020102",27.863367,-82.5451
"TBM2005031404",27.845833,-82.5941
"TBM2005031403",27.838617,-82.587633
"TBM2005021406",27.849067,-82.595867
"TBM2005021408",27.8288,-82.589233
"TBM2005030906",28.0249,-82.665383
"TBM2005031402",27.834383,-82.588483
"TBM2000091201",27.876167,-82.596333
"TBM2000091302",27.910333,-82.644
"TBM2000100203",27.914333,-82.6715
"TBM2000100302",27.854167,-82.5965
"TBM2005030904",27.990583,-82.684717
"TBM2000100201",27.906167,-82.649833
"TBM2005021404",27.85275,-82.59675
"TBM2005030404",27.945617,-82.551333
"TBM2005030406",27.938017,-82.723567
"TBM2000100202",27.908333,-82.645667
"TBM2000100408",27.971,-82.669
"TBM2000100303",27.906667,-82.532333
"TBM2001010102",27.879317,-82.608033
"TBM2000100305",27.897167,-82.533167
"TBM2000100405",27.970667,-82.575333
"TBM2000110611",27.835167,-82.589
"TBM2000111304",27.938167,-82.556833
"TBM2000110607",27.839833,-82.537667
"TBM2000111306",27.893833,-82.638
"TBM2001021303",27.908567,-82.651217
"TBM2001021304",27.905367,-82.648333
"TBM2000112104",27.959,-82.565833
"TBM2000122101",27.881833,-82.54
"TBM2001011001",27.934967,-82.541217
"TBM2001010901",27.987833,-82.686
"TBM2001040203",28.003067,-82.665033
"TBM2001040304",27.864733,-82.5997
"TBM2001021302",27.933833,-82.709967
"TBM2001021307",28.009267,-82.65475
"TBM2001030905",27.910433,-82.644517
"TBM2001030907",27.980083,-82.609183
"TBM2001040206",28.02005,-82.684217
"TBM2001030604",27.825317,-82.592833
"TBM2001030902",27.946367,-82.722483
"TBM2000122111",27.929667,-82.534167
"TBM2000120803",27.920167,-82.688167
"TBM1999081303",27.91,-82.6335
"TBM1999100807",27.851667,-82.590667
"TBM2001051304",28.018833,-82.666433
"TBM2001051305",28.008133,-82.676767
"TBM2001031006",27.939133,-82.53845
"TBM2001031001",27.8726,-82.603333
"TBM2001030901",27.963417,-82.684783
"TBM2001040303",27.87,-82.603933
"TBM2001040204",28.007667,-82.676567
"TBM2001051401",27.960117,-82.569133
"TBM2001060402",27.864517,-82.5458
"TBM2001040601",27.971233,-82.608033
"TBM2005040905",27.9249,-82.700817
"TBM2005041407",27.8479,-82.5944
"TBM2005051001",27.883467,-82.53765
"TBM2005051305",27.8385,-82.592317
"TBM2005041401",27.8518,-82.5947
"TBM2005041406",27.847383,-82.596017
"TBM2005051303",27.8334,-82.588017
"TBM2001040602",27.909433,-82.65
"TBM2001050106",27.876617,-82.58975
"TBM2005050404",27.9939,-82.683633
"TBM2005070201",27.971333,-82.608517
"TBM2001061303",27.870867,-82.602833
"TBM2005040205",27.84475,-82.55325
"TBM2005061501",27.829783,-82.587717
"TBM2001040605",27.99905,-82.6545
"TBM2001061306",27.905517,-82.648167
"TBM2001071202",27.87645,-82.591067
"TBM2001071304",27.957917,-82.712967
"TBM2001071403",27.96315,-82.595567
"TBM2005060304",27.937417,-82.700283
"TBM2005041403",27.836167,-82.5892
"TBM2001071404",27.923083,-82.69675
"TBM2005070207",27.961467,-82.5692
"TBM2005060503",27.97415,-82.59875
"TBM2001071303",27.93345,-82.716583
"TBM2001080301",27.874633,-82.5968
"TBM2001080602",27.9615,-82.69035
"TBM2001051301",27.965267,-82.657467
"TBM2005051304",27.840767,-82.588
"TBM2005050306",27.867483,-82.60505
"TBM2005051002",27.941183,-82.718533
"TBM2005061504",27.847267,-82.594817
"TBM2001061401",27.992517,-82.681333
"TBM2001061305",27.919483,-82.612467
"TBM2005040201",27.8749,-82.606767
"TBM2005040502",27.959967,-82.571683
"TBM2005051008",27.8563,-82.590517
"TBM2005040203",27.877017,-82.531683
"TBM2005040505",27.981133,-82.69285
"TBM2005060307",27.901667,-82.643983
"TBM2005060502",27.97295,-82.607867
"TBM2005071004",27.968433,-82.576317
"TBM2005070208",27.974433,-82.665467
"TBM2001081201",27.865333,-82.566367
"TBM2001090204",27.972617,-82.611967
"TBM2005070206",27.937267,-82.54545
"TBM2001081207",27.947783,-82.5441
"TBM2001090203",27.980667,-82.6853
"TBM2001071402",27.868133,-82.53805
"TBM2001071405",27.916,-82.682617
"TBM2001080601",27.924283,-82.692933
"TBM2001080604",27.9725,-82.607533
"TBM2001091203",27.964633,-82.66585
"TBM2001061104",27.972417,-82.6086
"TBM2001100106",27.867567,-82.54185
"TBM2001090701",27.882683,-82.534367
"TBM2001090202",28.007567,-82.63915
"TBM2001071301",27.9024,-82.639333
"TBM2001091205",27.900917,-82.639817
"TBM2001100103",27.8598,-82.595983
"TBM2001100601",27.972417,-82.679683
"TBM2001100603",27.889283,-82.6181
"TBM2001090205",27.976033,-82.594183
"TBM2001090702",27.882967,-82.533667
"TBM2001090703",27.86495,-82.596883
"TBM2001111002",27.881533,-82.539583
"TBM2005071002",27.9266,-82.705517
"TBM2005071404",27.846083,-82.593833
"TBM2005071402",27.832267,-82.583267
"TBM2005081403",27.86385,-82.544867
"TBM2005080405",27.877617,-82.5929
"TBM2005090402",27.9193,-82.688017
"TBM2005080505",27.94365,-82.665983
"TBM2005100601",27.9067,-82.63405
"TBM2005100706",27.832533,-82.56145
"TBM2005080503",27.9511,-82.551583
"TBM2005070901",27.85765,-82.553933
"TBM2005070906",27.8368,-82.583067
"TBM2005071403",27.84235,-82.587567
"TBM2005071501",27.873533,-82.599933
"TBM2005080507",27.8982,-82.627633
"TBM2005081306",27.85585,-82.5933
"TBM2005091407",27.8367,-82.58945
"TBM2005071003",27.916433,-82.683917
"TBM2005091402",27.8455,-82.59395
"TBM2005090403",27.980667,-82.692767
"TBM2005091401",27.854067,-82.59665
"TBM2005081302",27.837233,-82.589383
"TBM2005081308",27.828433,-82.589333
"TBM2005080204",27.973583,-82.604133
"TBM2005081305",27.854317,-82.596367
"TBM2005091001",27.864067,-82.540933
"TBM2005100604",27.9344,-82.71705
"TBM2005071407",27.853983,-82.596617
"TBM2005080502",27.931383,-82.535633
"TBM2005090604",27.871133,-82.608333
"TBM2005100603",27.916367,-82.683817
"TBM2005090902",27.956033,-82.6128
"TBM2005090903",27.9069,-82.633933
"TBM2005101301",27.836,-82.589217
"TBM2005101303",27.848567,-82.5951
"TBM2005091403",27.84345,-82.588117
"TBM2005100502",27.963967,-82.682633
"TBM2002010401",28.0006,-82.6537
"TBM2002021104",27.841617,-82.5411
"TBM2002030904",27.881933,-82.539617
"TBM2001111003",27.8804,-82.532283
"TBM2001120705",27.96285,-82.572483
"TBM2001111004",27.84655,-82.552367
"TBM2001101303",28.005017,-82.675017
"TBM2002020405",27.863833,-82.549367
"TBM2001111501",27.871233,-82.609867
"TBM2001100602",27.9701,-82.653017
"TBM2002020204",27.956717,-82.7106
"TBM2001111308",27.971033,-82.631117
"TBM2001111307",27.941983,-82.622517
"TBM2001120906",27.873,-82.6025
"TBM2002020206",28.003117,-82.664417
"TBM2005011105",27.929683,-82.642133
"TBM2005020403",27.965617,-82.657033
"TBM2005031401",27.830517,-82.586083
"TBM2005040903",27.927,-82.533317
"TBM2001021301",27.953233,-82.720183
"TBM2002020406",27.881667,-82.539783
"TBM2002030106",27.97065,-82.575383
"TBM2002020407",27.90535,-82.538533
"TBM2002030907",27.904017,-82.634417
"TBM2002030103",28.024367,-82.665833
"TBM2002041203",27.926317,-82.533483
"TBM2002050407",27.908033,-82.65055
"TBM2002051003",27.9629,-82.692333
"TBM2002060802",27.877617,-82.6106
"TBM2002020202",27.920083,-82.688233
"TBM2002051001",27.92215,-82.656117
"TBM2002041205",27.836583,-82.582917
"TBM2002041207",27.881717,-82.539833
"TBM2002071303",27.83745,-82.59135
"TBM2002071307",27.912683,-82.672533
"TBM2002060803",27.88,-82.616667
"TBM2002070405",27.961517,-82.692167
"TBM2005050303",27.844567,-82.552667
"TBM2005051003",27.915967,-82.683533
"TBM2005061204",27.833383,-82.5626
"TBM2001071203",27.837333,-82.536767
"TBM2005101302",27.837583,-82.5912
"TBM2005101306",27.854667,-82.596667
"TBM2005111206",27.945283,-82.669333
"TBM2001111302",27.971317,-82.609083
"TBM2005120304",27.9652,-82.669083
"TBM2005121006",27.945933,-82.721833
"TBM2005121601",27.863817,-82.545333
"TBM2005120307",27.966283,-82.56575
"TBM2006010802",28.022983,-82.686533
"TBM2006011107",27.919883,-82.610917
"TBM2006020803",27.8734,-82.610033
"TBM2006030304",27.992067,-82.660683
"TBM2006030805",27.9198,-82.688133
"TBM2006030302",28.009783,-82.6397
"TBM2006020303",27.972867,-82.582767
"TBM2006030305",27.985983,-82.6294
"TBM2006030307",27.899017,-82.546183
"TBM2002030104",28.009133,-82.67665
"TBM2002040702",27.920067,-82.688433
"TBM2006031206",27.844867,-82.593933
"TBM2006040806",27.973517,-82.660283
"TBM2006041104",28.018083,-82.666633
"TBM2006030804",27.960383,-82.6999
"TBM2006050205",27.92655,-82.68725
"TBM2006040702",27.843467,-82.551183
"TBM2006050201",27.944417,-82.544767
"TBM2002071305",27.87635,-82.597667
"TBM2002071308",27.879233,-82.614167
"TBM2006041107",27.97355,-82.60195
"TBM2006061204",27.876417,-82.59515
"TBM2006060502",27.9169,-82.671483
"TBM2006060601",27.972533,-82.5911
"TBM2006050301",27.972633,-82.6099
"TBM2006070302",27.961917,-82.686667
"TBM2006070605",27.881667,-82.616867
"TBM2006071102",27.877367,-82.592467
"TBM2006071108",27.948733,-82.707617
"TBM2006070303",28.004617,-82.6553
"TBM2006061103",27.882083,-82.5398
"TBM2006070301",27.912633,-82.674467
"TBM2006070602",27.863967,-82.54235
"TBM2006070307",27.96755,-82.65035
"TBM2006081104",27.963133,-82.67575
"TBM2006080803",27.854383,-82.5966
"TBM2006080405",27.92735,-82.627867
"TBM2006091103",28.0228,-82.686767
"TBM2006090601",27.8687,-82.5354
"TBM2006090604",27.881967,-82.61795
"TBM2006090603",27.8757,-82.600333
"TBM2006090906",28.00935,-82.6542
"TBM2006091104",27.94585,-82.70195
"TBM2002071304",27.833217,-82.554667
"TBM2002051101",27.833983,-82.588483
"TBM2002060804",27.886733,-82.624383
"TBM2002090207",27.98995,-82.61675
"TBM2002100201",27.914517,-82.53325
"TBM2002090402",27.88545,-82.612
"TBM2002090405",27.874667,-82.531517
"TBM2002076202",27.921317,-82.629767
"TBM2002100102",27.922383,-82.696683
"TBM2002100206",27.873383,-82.600867
"TBM2006091102",27.989983,-82.637333
"TBM2006100104",27.93775,-82.601
"TBM2006100105",27.948,-82.673617
"TBM2006100903",28.031183,-82.690783
"TBM2006100906",27.953933,-82.54715
"TBM2006110205",27.923067,-82.697317
"TBM2006110206",27.966883,-82.647283
"TBM2006100107",27.994083,-82.677183
"TBM2006090904",27.972267,-82.612117
"TBM2006110607",27.916367,-82.6841
"TBM2006110201",27.976467,-82.580217
"TBM2006110204",27.936667,-82.722433
"TBM2006101203",27.87635,-82.598117
"TBM2006101202",27.876733,-82.596483
"TBM2006110202",27.973967,-82.595933
"TBM2006100901",27.957783,-82.709233
"TBM2006100902",27.933367,-82.7145
"TBM2006110601",27.954267,-82.6569
"TBM2007010901",27.881567,-82.539733
"TBM2007010902",27.863783,-82.545617
"TBM2006120707",27.912733,-82.672333
"TBM2007010302",28.01065,-82.6735
"TBM2007010304",27.952583,-82.5557
"TBM2007011007",27.968683,-82.5704
"TBM2006121007",27.965467,-82.565967
"TBM2007010303",27.945783,-82.714033
"TBM2007011005",27.981983,-82.618017
"TBM2007011004",27.962,-82.560517
"TBM2007020604",27.87385,-82.532017
"TBM2006070601",27.870883,-82.539283
"TBM2006071107",27.948183,-82.644317
"TBM2002101504",27.97645,-82.579517
"TBM2002111806",27.9475,-82.545333
"TBM2002080404",28.007717,-82.676617
"TBM2002080901",27.963333,-82.6882
"TBM2002101707",27.944483,-82.551467
"TBM2002101805",27.920517,-82.682717
"TBM2002101802",27.888567,-82.613567
"TBM2002101801",27.8733,-82.6085
"TBM2002101804",27.920317,-82.687083
"TBM2002111307",27.874067,-82.598533
"TBM2002111404",28.004517,-82.6698
"TBM2002111708",27.87375,-82.606933
"TBM2002111808",27.922967,-82.687717
"TBM2002100104",28.017167,-82.6675
"TBM2002100504",27.956083,-82.71845
"TBM2002101503",28.0045,-82.670533
"TBM2002111301",27.865017,-82.538267
"TBM2002111811",27.920067,-82.688217
"TBM2002081305",27.938017,-82.5574
"TBM2002100101",27.907333,-82.645433
"TBM2002100105",28.011433,-82.666083
"TBM2002110602",27.874717,-82.60445
"TBM2002111402",28.01715,-82.669267
"TBM2002121115",27.840433,-82.540017
"TBM2003010602",27.977117,-82.681467
"TBM2003011408",27.87425,-82.60555
"TBM2003011802",27.846283,-82.552217
"TBM2003021308",27.923717,-82.687783
"TBM2003021407",27.87775,-82.60365
"TBM2002120806",28.015933,-82.6826
"TBM2003011409",27.87945,-82.6091
"TBM2003011411",27.954467,-82.5481
"TBM2003020203",27.896483,-82.641583
"TBM2003021507",27.845167,-82.548967
"TBM2002111401",27.999517,-82.642367
"TBM2002120216",27.922783,-82.688283
"TBM2002120803",27.95945,-82.56985
"TBM2003010606",27.951417,-82.721367
"TBM2002111403",27.986417,-82.654667
"TBM2002111810",27.924017,-82.6881
"TBM2002120201",27.950517,-82.5479
"TBM2002120209",27.901517,-82.643933
"TBM2002110608",27.846033,-82.590933
"TBM2002111407",27.9249,-82.68235
"TBM2002111605",27.94175,-82.544883
"TBM2002111706",27.840567,-82.540067
"TBM2003011501",27.838917,-82.541483
"TBM2002120210",27.906567,-82.647583
"TBM2002111606",27.909283,-82.627217
"TBM2002120215",27.9223,-82.688217
"TBM2002120804",27.91995,-82.68815
"TBM2002120906",27.878883,-82.6055
"TBM2003010604",27.9175,-82.617117
"TBM2003011303",27.920917,-82.686767
"TBM2003011304",27.9199,-82.688167
"TBM2003011402",27.951333,-82.548117
"TBM2003010603",27.968367,-82.634167
"TBM2003021302",27.912033,-82.64625
"TBM2003011412",27.95375,-82.54845
"TBM2003021508",27.847467,-82.5505
"TBM2003031207",27.973833,-82.595233
"TBM2003021307",27.920533,-82.6876
"TBM2003031103",27.837333,-82.584033
"TBM2003031404",27.9481,-82.552933
"TBM2003031407",27.954,-82.548317
"TBM2003021408",27.877767,-82.602817
"TBM2003021411",27.954017,-82.547383
"TBM2003031107",27.837633,-82.53725
"TBM2003031203",27.965633,-82.654167
"TBM2003031310",27.911417,-82.646167
"TBM2003041204",27.963517,-82.694317
"TBM2003031405",27.937783,-82.55315
"TBM2003041303",27.92695,-82.6849
"TBM2003041401",27.8773,-82.602183
"TBM2003031202",27.937917,-82.71865
"TBM2003031410",27.8738,-82.606717
"TBM2003041202",27.972317,-82.612417
"TBM2003051404",27.95165,-82.548717
"TBM2003011401",27.9493,-82.548467
"TBM2003031104",27.836983,-82.5829
"TBM2003021306",27.926567,-82.683633
"TBM2003031303",27.92005,-82.6862
"TBM2003031403",27.94895,-82.547667
"TBM2003041301",27.920067,-82.686067
"TBM2003041304",27.927283,-82.6832
"TBM2003041402",27.880067,-82.612017
"TBM2003041403",27.875367,-82.60125
"TBM2003041407",27.94935,-82.553733
"TBM2003041408",27.949717,-82.5537
"TBM2003041505",27.841567,-82.54495
"TBM2003041302",27.920217,-82.68765
"TBM2003021203",27.926533,-82.5338
"TBM2003021303",27.89965,-82.641783
"TBM2003031301",27.927683,-82.682917
"TBM2003050803",27.968217,-82.69205
"TBM2003050701",27.883333,-82.536667
"TBM2003051405",27.94955,-82.54825
"TBM2003031408",27.88095,-82.614733
"TBM2003031402",27.949833,-82.5478
"TBM2003031411",27.874017,-82.606283
"TBM2003041310",27.9124,-82.642683
"TBM2003060602",27.954567,-82.5466
"TBM2003061601",27.948733,-82.547483
"TBM2003061602",27.948667,-82.548
"TBM2003061703",27.843133,-82.5425
"TBM2003061702",27.84515,-82.5496
"TBM2003041411",27.954283,-82.547733
"TBM2003041412",27.955933,-82.547867
"TBM2003051303",27.9303,-82.6844
"TBM2003051506",27.841833,-82.544833
"TBM2003060301",27.876683,-82.59655
"TBM2003071405",27.931117,-82.684283
"TBM2003071512",27.948667,-82.553733
"TBM2003041205",27.957733,-82.713133
"TBM2003051304",27.931,-82.684083
"TBM2003051403",27.957883,-82.54825
"TBM2003051503",27.838033,-82.552617
"TBM2003051301",27.922467,-82.68775
"TBM2003051406",27.948617,-82.552883
"TBM2003051508",27.84745,-82.5497
"TBM2003070302",27.8327,-82.588817
"TBM2003071403",27.922767,-82.687067
"TBM2003071301",27.905183,-82.637633
"TBM2003071303",27.936767,-82.721167
"TBM2003071404",27.9237,-82.687533
"TBM2003071502",27.880733,-82.614417
"TBM2003071503",27.8731,-82.609383
"TBM2003061402",27.918,-82.6489
"TBM2003071504",27.873817,-82.606817
"TBM2003071511",27.951517,-82.553933
"TBM2003071608",27.848667,-82.549917
"TBM2003050306",27.826133,-82.592283
"TBM2003051302",27.92295,-82.687783
"TBM2003051407",27.949283,-82.5533
"TBM2003060603",27.936717,-82.7214
"TBM2003080806",27.930233,-82.683417
"TBM2003060601",27.955767,-82.546467
"TBM2003060604",27.961617,-82.691033
"TBM2003061503",27.922817,-82.687133
"TBM2006110604",27.8594,-82.5879
"TBM2007020605",27.881833,-82.53985
"TBM2003061502",27.931317,-82.68425
"TBM2003061604",27.9556,-82.5482
"TBM2003061603",27.95475,-82.548783
"TBM2003061608",27.880233,-82.612067
"TBM2003061504",27.922833,-82.68685
"TBM2003080808",27.920567,-82.687267
"TBM2003081106",27.868467,-82.536167
"TBM2003081203",27.951817,-82.547683
"TBM2003071509",27.951533,-82.54835
"TBM2003100706",27.87615,-82.53135
"TBM2003061611",27.876033,-82.599283
"TBM2003070301",27.8742,-82.605267
"TBM2003091005",27.954217,-82.5488
"TBM2003091009",27.8766,-82.597217
"TBM2003100501",27.92915,-82.632233
"TBM2003100604",27.97395,-82.688833
"TBM2003091503",27.927117,-82.6841
"TBM2003100402",27.95795,-82.549067
"TBM2003100606",27.905983,-82.647267
"TBM2003101102",27.85395,-82.596517
"TBM2003080907",27.963467,-82.68515
"TBM2003071406",27.930617,-82.6846
"TBM2003071507",27.959217,-82.548833
"TBM2003081107",27.90265,-82.5381
"TBM2003091012",27.878917,-82.607067
"TBM2003091505",27.920833,-82.687933
"TBM2003100503",27.897433,-82.557167
"TBM2003071302",27.917183,-82.682117
"TBM2003071510",27.95085,-82.54835
"TBM2003071605",27.840617,-82.547417
"TBM2003100502",27.89215,-82.578383
"TBM2003091502",27.93155,-82.684267
"TBM2003091504",27.919567,-82.68745
"TBM2003091008",27.8755,-82.603283
"TBM2003091307",27.873717,-82.610667
"TBM2003091607",27.847583,-82.549717
"TBM2003081204",27.9503,-82.5481
"TBM2003091004",27.948817,-82.548317
"TBM2003100404",27.947817,-82.546983
"TBM2003100401",27.953483,-82.547517
"TBM2003100407",27.944117,-82.553417
"TBM2003100607",27.896517,-82.637733
"TBM2003090407",27.9168,-82.674533
"TBM2003091006",27.958133,-82.549017
"TBM2003091013",27.877833,-82.603267
"TBM2003091510",27.901383,-82.640433
"TBM2002111405",27.946467,-82.71855
"TBM2002111604",27.923867,-82.531817
"TBM2002111607",27.90115,-82.643267
"TBM2002120206",27.947117,-82.54555
"TBM2007040104",27.858633,-82.596317
"TBM2007010903",27.867767,-82.542433
"TBM2007020902",27.966733,-82.564183
"TBM2007020901",27.974383,-82.596817
"TBM2007041003",27.971583,-82.578217
"TBM2007021003",27.944933,-82.5508
"TBM2007040304",27.946883,-82.71835
"TBM2007041001",27.90215,-82.640033
"TBM2007021004",27.94005,-82.537417
"TBM2007030803",27.953683,-82.567483
"TBM2007040307",27.889167,-82.61665
"TBM2007040305",27.92495,-82.700883
"TBM2007020603",27.863583,-82.543317
"TBM2007021005",27.90665,-82.630433
"TBM2007030802",27.94945,-82.57555
"TBM2007050405",27.963417,-82.654083
"TBM2007040303",27.931,-82.6403
"TBM2007050402",27.8936,-82.54125
"TBM2007051005",27.883067,-82.61845
"TBM2003021401",27.951133,-82.54855
"TBM2003021406",27.873617,-82.607433
"TBM2003021506",27.841367,-82.544867
"TBM2003031302",27.919183,-82.687133
"TBM2003031409",27.8801,-82.612367
"TBM2003041206",27.950967,-82.723
"TBM2003041309",27.912417,-82.641783
"TBM2003041409",27.951683,-82.548067
"TBM2003041506",27.839933,-82.5465
"TBM2003051307",27.911783,-82.6439
"TBM2003061501",27.930483,-82.684117
"TBM2003071508",27.959033,-82.548733
"TBM2003080807",27.927533,-82.68345
"TBM2007040306",27.88955,-82.618617
"TBM2007050404",27.967967,-82.652167
"TBM2007050807",28.016667,-82.641667
"TBM2007051006",27.844433,-82.59405
"TBM2007060603",27.970533,-82.616867
"TBM2007050407",27.9104,-82.628383
"TBM2007060302",27.941783,-82.544817
"TBM2007060508",27.993117,-82.621567
"TBM2007050403",27.93935,-82.5522
"TBM2007060605",27.86805,-82.564667
"TBM2007070902",27.974933,-82.59665
"TBM2007060303",27.882233,-82.617817
"TBM2007060602",27.98925,-82.643933
"TBM2007070501",27.967833,-82.64785
"TBM2007070505",27.908867,-82.627833
"TBM2007060505",27.988117,-82.6174
"TBM2007071107",27.882233,-82.538383
"TBM2007070506",27.90995,-82.62735
"TBM2007071105",27.878517,-82.531633
"TBM2007080202",28.011367,-82.642367
"TBM2007070904",27.947867,-82.651767
"TBM2007070903",27.96155,-82.659467
"TBM2007070901",27.976367,-82.594633
"TBM2007080205",28.002283,-82.656067
"TBM2007080805",27.897967,-82.6002
"TBM2007080207",27.957633,-82.709367
"TBM2003091003",27.952,-82.548333
"TBM2007070905",27.965167,-82.5721
"TBM2007071106",27.867867,-82.537333
"TBM2007081006",27.842133,-82.594333
"TBM2007090206",27.87085,-82.5397
"TBM2007090704",28.0001,-82.67315
"TBM2007091001",27.8417,-82.59355
"TBM2007090708",27.870933,-82.588267
"TBM2007081005",27.893867,-82.637983
"TBM2007031006",28.005617,-82.650783
"TBM2007080206",27.936767,-82.72185
"TBM2007100602",27.874233,-82.596633
"TBM2007100905",28.02565,-82.68835
"TBM2007090702",27.954233,-82.574333
"TBM2007100901",27.890283,-82.630333
"TBM2007100601",27.876817,-82.591583
"TBM2007050406",27.92955,-82.685717
"TBM2007110706",27.9989,-82.677633
"TBM2007100907",28.006533,-82.655567
"TBM2007101105",27.891067,-82.58675
"TBM2007120804",27.985283,-82.685433
"TBM2007100903",27.928717,-82.707283
"TBM2007111201",27.888733,-82.627283
"TBM2007111102",27.95075,-82.68095
"TBM2007111103",27.9414,-82.7189
"TBM2007110704",27.962367,-82.6935
"TBM2007111107",27.9319,-82.5338
"TBM2007120501",27.872867,-82.598233
"TBM2008010802",28.0267,-82.69
"TBM2007120401",27.833367,-82.57385
"TBM2007120802",27.916783,-82.535217
"TBM2007120806",27.9398,-82.709267
"TBM2008010701",27.9114,-82.627267
"TBM2008010605",27.883,-82.531767
"TBM2008010606",27.879967,-82.532767
"TBM2008010703",27.903033,-82.640333
"TBM2008010604",27.881517,-82.538433
"TBM2008010702",27.889417,-82.6362
"TBM2008020305",27.938767,-82.555767
"TBM2008030106",27.9339,-82.550867
"TBM2008030109",27.912383,-82.53305
"TBM2007121006",27.919917,-82.688283
"TBM2008010705",27.938167,-82.72395
"TBM2008050904",27.937767,-82.714583
"TBM2008040905",27.901467,-82.5976
"TBM2008040907",27.96705,-82.5653
"TBM2008040908",27.973733,-82.606983
"TBM2008040901",27.944083,-82.72015
"TBM2008041005",27.881317,-82.53865
"TBM2008041002",27.847917,-82.555083
"TBM2008050403",27.96265,-82.572467
"TBM2008050406",27.9913,-82.643083
"TBM2008050404",27.95065,-82.6416
"TBM2008030105",27.912083,-82.6244
"TBM2008040904",27.901567,-82.626233
"TBM2008040906",27.938983,-82.557267
"TBM2008050402",27.938933,-82.557417
"TBM2008041202",27.95475,-82.719833
"TBM2008041203",28.011333,-82.656533
"TBM2008050301",27.8692,-82.58435
"TBM2008050901",27.949,-82.544217
"TBM2008051401",27.86375,-82.544933
"TBM2008060707",28.016967,-82.683367
"TBM2008041204",28.005883,-82.644083
"TBM2008060701",27.957517,-82.7093
"TBM2008061406",27.845817,-82.59385
"TBM2008061404",27.874917,-82.531433
"TBM2008061207",27.8331,-82.561617
"TBM2008060702",27.960367,-82.693633
"TBM2008061403",27.873883,-82.599
"TBM2008070306",27.840067,-82.5931
"TBM2008071402",27.97165,-82.602583
"TBM2008070502",27.931883,-82.53415
"TBM2008071407",27.874233,-82.605517
"TBM2008080205",27.8551,-82.5968
"TBM2008061402",27.876383,-82.5909
"TBM2008070501",27.961967,-82.5717
"TBM2008071401",27.974983,-82.592583
"TBM2008061204",27.935383,-82.684317
"TBM2008061405",27.8748,-82.531433
"TBM2008081002",27.913333,-82.671533
"TBM2008081004",27.989,-82.685267
"TBM2008090103",27.945917,-82.723633
"TBM2008070505",27.881633,-82.538567
"TBM2008070402",27.95545,-82.717817
"TBM2008071404",27.9099,-82.6317
"TBM2008090106",27.96245,-82.653817
"TBM2008081001",27.90765,-82.651917
"TBM2008090102",27.93675,-82.722583
"TBM2008080401",27.86765,-82.5374
"TBM2008081502",27.944733,-82.718367
"TBM2008081507",27.96745,-82.597483
"TBM2008071405",27.909633,-82.627717
"TBM2008080201",27.8625,-82.569367
"TBM2008090104",27.9439,-82.696033
"TBM2008090901",27.8902,-82.629683
"TBM2008100305",27.9383,-82.715783
"TBM2008081506",27.966467,-82.55535
"TBM2008091102",27.924267,-82.700783
"TBM2008091103",28.017383,-82.6677
"TBM2008100302",27.961483,-82.689767
"TBM2008100303",27.9574,-82.716167
"TBM2008101002",27.947483,-82.630683
"TBM2008111302",27.881817,-82.540083
"TBM2008100701",27.875583,-82.600933
"TBM2008100707",27.881283,-82.539583
"TBM2008090105",27.9528,-82.668383
"TBM2008100705",27.864683,-82.544117
"TBM2008100304",27.945817,-82.723767
"TBM2007090706",27.913633,-82.667517
"TBM2008120104",27.9361,-82.562683
"TBM2008111205",27.971817,-82.61525
"TBM2008120303",27.881217,-82.539967
"TBM2009011204",27.9683,-82.63435
"TBM2008110402",27.83555,-82.583317
"TBM2008111204",28.000717,-82.657067
"TBM2009010702",27.88005,-82.533317
"TBM2009010802",27.914883,-82.677817
"TBM2009030901",27.890083,-82.5422
"TBM2008121303",27.96285,-82.68045
"TBM2009020901",27.963483,-82.664983
"TBM2008120604",27.878983,-82.5954
"TBM2009021204",27.924117,-82.53315
"TBM2009010804",27.970283,-82.685283
"TBM2009020906",28.002817,-82.67455
"TBM2009021202",27.944467,-82.71995
"TBM2009021205",27.916717,-82.535167
"TBM2009010806",28.022967,-82.684717
"TBM2009020903",27.922183,-82.695483
"TBM2009030304",27.99965,-82.654983
"TBM2009011201",27.942317,-82.700417
"TBM2009030804",27.921867,-82.676033
"TBM2009030806",27.84525,-82.5812
"TBM2009040105",28.02695,-82.66925
"TBM2009050101",27.8902,-82.630033
"TBM2009030808",27.836767,-82.537483
"TBM2009041103",27.8963,-82.534766
"TBM2009010803",27.931483,-82.6928
"TBM2009011205",28.021183,-82.6666
"TBM2009021206",27.915967,-82.533867
"TBM2009030802",27.967733,-82.601433
"TBM2009040102",27.908983,-82.627683
"TBM2009040809",27.920416,-82.534283
"TBM2009041102",27.881366,-82.534933
"TBM2009050404",27.941866,-82.698233
"TBM2009050406",27.910816,-82.6081
"TBM2009020904",28.010117,-82.654033
"TBM2009040101",27.89775,-82.604233
"TBM2009040104",27.965666,-82.657033
"TBM2009040107",28.018316,-82.666566
"TBM2009041104",27.917833,-82.535766
"TBM2009040806",27.858583,-82.590166
"TBM2009050108",27.940916,-82.552683
"TBM2009050409",27.849633,-82.557283
"TBM2009060604",27.8593,-82.553783
"TBM2009061001",28.001266,-82.639316
"TBM2009061002",27.996866,-82.63455
"TBM2009061007",27.95465,-82.546333
"TBM2008020307",27.914583,-82.533167
"TBM2009070203",27.8545,-82.596666
"TBM2009070304",27.9979,-82.6567
"TBM2009061006",27.92975,-82.53465
"TBM2009070302",27.970366,-82.6149
"TBM2009050408",27.85095,-82.58715
"TBM2009061008",27.948733,-82.570633
"TBM2009061301",27.909283,-82.627716
"TBM2009071308",27.907866,-82.62815
"TBM2009070303",27.999183,-82.657066
"TBM2009061004",27.927233,-82.703366
"TBM2009061302",27.97395,-82.590716
"TBM2009070204",27.836066,-82.58295
"TBM2009070305",28.007833,-82.664133
"TBM2009061003",27.986766,-82.635483
"TBM2009061304",28.010033,-82.678
"TBM2009071306",27.909766,-82.6526
"TBM2008030605",28.0071,-82.664183
"TBM2009080302",27.939183,-82.538216
"TBM2009080303",27.915916,-82.679183
"TBM2009080404",27.962066,-82.6696
"TBM2009081401",27.884533,-82.5553
"TBM2009081402",27.875183,-82.53105
"TBM2009071304",27.960016,-82.6836
"TBM2009080402",27.916166,-82.6836
"TBM2009090103",28.00885,-82.654416
"TBD1996091603",28.001167,-82.632667
"TBD2002090201",27.982217,-82.610117
"TBD2002100202",27.98585,-82.6113
"TBD2002120303",28.008017,-82.639583
"TBD1997092504",27.836,-82.593833
"TBD1997102302",27.845,-82.543333
"TBD2002120302",28.006733,-82.639233
"TBD1997102304",27.8425,-82.5505
"TBD1996101502",27.990333,-82.620167
"TBD1997092505",27.8375,-82.590167
"TBD1997102303",27.846167,-82.547
"TBD1998102804",27.905167,-82.648167
"TBD2000102401",27.983833,-82.615167
"TBD1998100601",27.977333,-82.6055
"TBD1998102906",27.8375,-82.5875
"TBD2005013901",27.845717,-82.545533
"TBD2007110201",27.83735,-82.5925
"TBD2004100201",27.989833,-82.61885
"TBD1996101501",27.985667,-82.6155
"TBD2000092703",27.967333,-82.693
"TBD2000092702",28.022833,-82.686667
"TBD2000102403",27.989333,-82.617167
"TBM2009080301",27.941683,-82.550616
"TBM2009090105",27.961183,-82.6908
"TBD2005100201",27.9774,-82.5993
"TBD2006090204",27.98535,-82.6105
"TBD2011070201",27.9724,-82.612083
"TBM2009090701",27.876733,-82.595166
"TBM2009090703",27.83465,-82.5889
"TBD2011110204",27.981283,-82.605066
"TBM2009090706",27.845416,-82.549783
"TBM2009090707",27.848766,-82.554666
"TBM2009100103",27.91585,-82.681433
"TBD2002120103",27.8785,-82.611917
"TBD2004110202",27.826767,-82.5911
"TBD2006090201",27.979517,-82.6039
"TBM2009110807",27.8642,-82.54155
"TBM2009111102",27.982633,-82.616683
"TBM2009120703",28.023633,-82.68255
"TBD2011100206",27.99715,-82.628133
"TBM2009101102",27.9466,-82.57225
"TBM2009101105",27.91995,-82.65355
"TBD2011080206",27.980333,-82.6099
"TBM2009091002",27.975666,-82.632083
"TBM2009091003",27.963366,-82.68355
"TBD2011100205",27.99575,-82.630333
"TBM2009090106",27.957216,-82.713366
"TBM2009100101",27.956033,-82.71745
"TBM2009100102",27.931583,-82.6928
"TBD2001090202",27.980467,-82.603367
"TBD2002090202",27.985017,-82.61125
"TBD2007090205",27.976633,-82.5912
"TBM2009111006",27.906166,-82.65045
"TBD2002120304",28.007817,-82.6394
"TBD2001100201",27.988367,-82.615783
"TBD2002100201",27.98325,-82.607267
"TBM2009101103",27.962533,-82.682983
"TBM2009090104",27.995166,-82.682466
"TBM2009090708",27.863283,-82.54395
"TBM2009100301",27.88255,-82.619266
"TBD2011030202",28.0018,-82.632033
"TBM2009090101",28.010483,-82.64515
"TBM2009110804",27.864033,-82.548316
"TBM2010020104",27.9084,-82.533283
"TBM2010020906",27.874716,-82.6033
"TBM2010011109",27.973866,-82.60065
"TBD2011090203",27.980733,-82.6088
"TBD2005100202",27.984283,-82.6095
"TBM2009120602",27.936883,-82.72085
"TBM2010010604",27.908283,-82.63285
"TBM2009100302",27.883283,-82.5341
"TBM2009101104",27.939933,-82.6436
"TBM2009101106",27.89605,-82.639816
"TBM2009101101",27.940166,-82.553816
"TBM2009111105",27.9658,-82.654833
"TBD2006090203",27.981317,-82.608717
"TBD2007100202",27.97715,-82.598033
"TBD2007110202",27.837317,-82.59135
"TBD2008100205",27.978417,-82.59285
"TBD2011040103",27.978483,-82.5966
"TBD2011080205",27.980133,-82.607983
"TBM2009091008",27.944216,-82.551266
"TBM2009110805",27.866633,-82.538316
"TBM2009111005",27.9017,-82.642683
"TBM2009100306",27.833716,-82.589216
"TBM2008071406",27.87465,-82.603433
"TBM2008091301",27.851017,-82.555583
"TBM2009120803",27.87475,-82.604433
"TBM2010020107",27.932983,-82.71095
"TBM2010020108",27.939133,-82.7181
"TBM2010020905",27.874233,-82.6064
"TBM2010030102",27.944383,-82.63975
"TBM2010030606",28.0094,-82.6546
"TBM2009120606",27.93815,-82.55545
"TBM2010010605",27.887783,-82.636666
"TBM2010020902",27.963033,-82.675966
"TBM2010021302",27.850233,-82.555433
"TBM2010010203",27.8736,-82.598816
"TBM2010020106",27.91905,-82.613233
"TBM2010010603",27.956833,-82.712
"TBM2010020110",27.988033,-82.632966
"TBM2010030104",27.931633,-82.707733
"TBM2010030105",27.904133,-82.588783
"TBM2010040204",27.933083,-82.656966
"TBM2010040208",27.961233,-82.566266
"TBM2010020109",27.964516,-82.666216
"TBM2010030601",27.983133,-82.616416
"TBM2010040801",27.92,-82.688283
"TBM2010041001",27.87815,-82.602466
"TBM2010041101",27.874766,-82.595933
"TBM2010040207",27.9465,-82.632183
"TBM2010020903",27.900633,-82.6406
"TBM2010021301",27.866483,-82.542316
"TBM2010030103",27.95035,-82.7126
"TBM2010040205",27.912966,-82.650116
"TBM2010041106",27.849033,-82.585633
"TBM2010050304",27.825916,-82.592383
"TBM2010050503",27.97955,-82.65105
"TBM2010051002",27.96295,-82.676366
"TBM2010060106",27.946066,-82.719116
"TBM2010060108",27.889133,-82.628066
"TBM2010040802",28.0307,-82.690933
"TBM2010041002",27.876,-82.599683
"TBM2010030101",27.93855,-82.5585
"TBM2009110801",27.848383,-82.555883
"TBM2009120704",27.9459,-82.721533
"TBM2010010602",27.961283,-82.690216
"TBM2010051006",27.912716,-82.67265
"TBM2010060501",27.97525,-82.57475
"TBM2010060504",27.98125,-82.6919
"TBM2010040202",27.959016,-82.705883
"TBM2010040804",28.021,-82.6659
"TBM2010051004",27.91645,-82.684966
"TBM2010081003",27.876016,-82.591616
"TBM2010060502",27.975766,-82.575966
"TBM2010011102",28.004316,-82.652333
"TBM2010021204",27.822766,-82.58845
"TBM2010030106",27.865,-82.597516
"TBM2010030107",27.855733,-82.590233
"TBM2010030603",27.955366,-82.72005
"TBM2010070303",27.908983,-82.628133
"TBM2010071101",27.845733,-82.594066
"TBM2010060302",27.87495,-82.53115
"TBM2010070206",28.018566,-82.66655
"TBM2010060305",27.8266,-82.596466
"TBM2010050502",27.965666,-82.566033
"TBM2010081205",27.935283,-82.71775
"TBM2010051003",27.957633,-82.709316
"TBM2010050507",27.983433,-82.622183
"TBM2010060101",27.891533,-82.587933
"TBM2010090603",28.002716,-82.664366
"TBM2010090605",27.954816,-82.719966
"TBM2010071108",27.864066,-82.541383
"TBM2010051001",27.963416,-82.68525
"TBM2010060105",27.940333,-82.549633
"TBM2010060304",27.853116,-82.554066
"TBM2010070308",27.891066,-82.542633
"TBM2010070201",27.9535,-82.722133
"TBM2010070203",27.903666,-82.64705
"TBM2010070204",27.964283,-82.664966
"TBM2010080905",27.94345,-82.6836
"TBM2010080906",27.918583,-82.683
"TBM2010081202",28.001716,-82.632616
"TBM2010081204",27.974933,-82.690316
"TBM2010090402",27.931433,-82.687566
"TBM2010090601",27.974066,-82.59125
"TBM2010080304",27.8639,-82.543383
"TBM2010070302",27.896916,-82.64005
"TBM2010030802",27.8811,-82.5383
"TBM2010030803",27.884283,-82.611266
"TBM2010040201",27.998833,-82.657616
"TBM2010040203",27.924566,-82.682516
"TBM2010050306",27.873716,-82.5998
"TBM2010060503",27.961183,-82.693433
"TBM2010090408",27.96375,-82.565766
"TBM2010070304",27.907866,-82.615816
"TBM2010080907",27.923733,-82.556933
"TBM2010090106",27.853983,-82.5538
"TBM2010080301",27.859533,-82.595983
"TBM2010081206",27.972333,-82.612233
"TBM2010071106",27.836116,-82.557266
"TBM2010090401",27.955583,-82.711083
"TBM2010090405",27.948083,-82.542566
"TBM2010100103",27.910866,-82.6217
"TBM2010081002",27.840533,-82.55365
"TBM2010090403",27.9095,-82.643283
"TBM2010090606",27.913066,-82.671933
"TBM2010090602",28.0118,-82.64905
"TBM2010100906",27.917683,-82.5358
"TBM2010100105",27.927166,-82.705533
"TBM2010100604",27.8358,-82.539083
"TBM2010110706",27.957433,-82.713266
"TBM2010100903",27.890516,-82.63335
"TBM2010100901",28.00675,-82.67605
"TBM2010110201",27.85945,-82.5961
"TBM2010110702",27.888816,-82.627366
"TBM2010120202",27.9626,-82.6814
"TBM2010110704",27.92935,-82.71135
"TBM2010120203",27.953483,-82.71995
"TBM2010100104",27.94685,-82.67965
"TBM2010121008",27.965766,-82.5659
"TBM2010110703",27.92075,-82.688166
"TBM2010111403",27.912916,-82.54195
"TBM2010120205",27.9615,-82.68875
"TBM2010111401",27.937116,-82.56255
"TBM2009010701",27.930733,-82.534383
"TBM2010111408",27.973933,-82.602783
"TBM2010120201",27.938083,-82.5601
"TBM2010121005",27.899033,-82.637233
"TBM2011020906",28.009116,-82.676266
"TBM2010121006",27.902083,-82.633333
"TBM2011030506",27.865916,-82.604133
"TBM2011030601",27.975133,-82.678633
"TBM2011020306",27.867733,-82.537516
"TBM2010121007",27.942633,-82.630233
"TBM2011030605",27.896283,-82.6402
"TBM2011040402",27.92445,-82.531516
"TBM2011040804",28.016666,-82.667766
"TBM2011041206",27.8737,-82.606816
"TBM2011041207",27.882533,-82.619166
"TBM2011041208",27.882066,-82.61815
"TBM2011040404",27.947383,-82.560483
"TBM2011041204",27.833933,-82.588966
"TBM2011050807",27.8826,-82.5345
"TBM2011051104",27.955,-82.720383
"TBM2011060501",27.968333,-82.632833
"TBM2011060504",27.9119,-82.66045
"TBM2011061101",28.02755,-82.690066
"TBM2011061102",27.981416,-82.678633
"TBM2011051306",27.932233,-82.636166
"TBM2011061203",27.863916,-82.542183
"TBM2011070305",27.962533,-82.572666
"TBM2011050805",27.86505,-82.53865
"TBM2011061205",27.906783,-82.532316
"TBM2011070806",28.0168,-82.68315
"TBM2011070304",27.974083,-82.592733
"TBM2011070602",27.883133,-82.5343
"TBM2011030304",27.863916,-82.587016
"TBM2011040803",27.9108,-82.629383
"TBM2011030603",27.9172,-82.671416
"TBM2011040401",27.95795,-82.66505
"TBM2011040806",27.9821,-82.69275
"TBM2011040807",27.989133,-82.685233
"TBM2011011203",27.96915,-82.572183
"TBM2011030609",27.955866,-82.549866
"TBM2011040406",27.975566,-82.601533
"TBM2011040802",27.908216,-82.632683
"TBM2011070302",27.882116,-82.6178
"TBM2011070809",27.931883,-82.657066
"TBM2011040405",27.946133,-82.5839
"TBM2011050801",27.864983,-82.603616
"TBM2011050806",27.881566,-82.53875
"TBM2011051103",27.9156,-82.67925
"TBM2011040801",27.991016,-82.684116
"TBM2011051101",27.892116,-82.628116
"TBM2011081408",27.958716,-82.618016
"TBM2011051106",28.0022,-82.6752
"TBM2011061105",27.94085,-82.7163
"TBM2011021301",27.919016,-82.53765
"TBM2011030606",27.8828,-82.6199
"TBM2011050802",27.84355,-82.58815
"TBM2011051302",27.962833,-82.572683
"TBM2011070303",27.927283,-82.692116
"TBM2011070306",27.920383,-82.53485
"TBM2011070604",27.836233,-82.593666
"TBM2011070607",27.831683,-82.583166
"TBM2011070805",28.014416,-82.6786
"TBM2011061106",27.916433,-82.68405
"TBM2011061107",27.903,-82.609733
"TBM2011061204",27.881516,-82.539916
"TBM2011070808",27.9244,-82.6735
"TBM2011050803",27.82995,-82.588466
"TBM2011060503",27.90585,-82.648883
"TBM2011080601",27.88085,-82.53915
"TBM2011081403",27.966483,-82.6503
"TBM2011081409",27.9694,-82.5705
"TBM2011080706",28.015966,-82.682783
"TBM2011080705",28.010033,-82.677566
"TBM2011060502",27.905966,-82.638416
"TBM2011031203",28.0091,-82.676483
"TBM2011051303",27.954566,-82.546383
"TBM2011051305",27.8847,-82.5574
"TBM2011070301",27.876916,-82.5941
"TBM2011070603",27.8358,-82.583016
"TBM2011080602",27.853433,-82.553833
"TBM2011081405",27.912683,-82.640516
"TBM2009030306",27.999617,-82.657017
"TBM2011090601",27.9553,-82.711166
"TBM2011101004",28.008216,-82.676516
"TBM2011090603",27.90965,-82.643233
"TBM2011091101",27.868116,-82.5369
"TBM2011100101",27.9574,-82.638516
"TBM2011100104",27.900616,-82.5455
"TBM2011091002",27.908733,-82.628166
"TBM2011100807",27.871333,-82.534983
"TBM2011110302",27.918383,-82.610816
"TBM2011090604",27.97695,-82.624733
"TBM2011091401",27.872633,-82.6032
"TBM2011090602",27.923166,-82.694433
"TBM2011091402",27.8751,-82.600933
"TBM2011110307",27.884133,-82.533766
"TBM2011111001",27.970216,-82.617983
"TBM2011100805",27.859366,-82.59605
"TBM2011100808",27.8815,-82.540033
"TBM2011100102",27.9077,-82.6187
"TBM2011091003",27.910683,-82.626366
"TBM2011100103",27.88545,-82.614316
"TBM2011100806",27.869166,-82.589783
"TBM2011110304",27.905983,-82.6392
"TBM2011110705",27.835233,-82.541833
"TBM2011121002",27.941516,-82.551033
"TBM2011101005",27.9678,-82.649216
"TBM2011111006",27.940083,-82.67085
"TBM2011110306",27.878366,-82.590066
"TBM2011111007",27.92095,-82.68855
"TBM2011111004",27.9792,-82.674416
"TBM2011111005",27.970816,-82.687133
"TBM2011121104",27.866683,-82.592066
"TBM2011110305",27.87655,-82.597416
"TBM2011111009",27.964666,-82.5666
"TBM2012030105",27.8885,-82.637333
"TBM2012021104",27.83765,-82.537166
"TBM2012021002",28.023133,-82.686916
"TBM2012021004",27.954316,-82.720316
"TBM2012021005",27.95605,-82.670433
"TBM2012010404",27.8765,-82.597883
"TBM2012011007",27.88275,-82.5392
"TBM2012020806",27.870283,-82.591116
"TBM2012021007",27.9677,-82.640133
"TBM2011121102",27.825583,-82.595733
"TBM2012020805",27.851383,-82.590383
"TBM2012031101",27.97135,-82.606
"TBM2012040105",27.84615,-82.593833
"TBM2012040107",27.863866,-82.54565
"TBM2012040904",28.03055,-82.690883
"TBM2012031104",28.0255,-82.688766
"TBM2012060303",27.9131,-82.662483
"TBM2011101001",27.89605,-82.641666
"TBM2012040106",27.87585,-82.598083
"TBM2012040901",27.960533,-82.696266
"TBM2012050302",27.936833,-82.721866
"TBM2012050507",27.876716,-82.5311
"TBM2012040405",27.90965,-82.627133
"TBM2012050301",27.9699,-82.574716
"TBM2012050505",27.890883,-82.633183
"TBM2012050506",27.88185,-82.538516
"TBM2012051305",27.976333,-82.691733
"TBM2012071108",27.98735,-82.629183
"TBM2012060102",27.966283,-82.651633
"TBM2012060107",27.95565,-82.624566
"TBM2012060302",27.917416,-82.6536
"TBM2012061002",27.878333,-82.590316
"TBM2012071107",27.9921,-82.638883
"TBM2012071303",27.936066,-82.5616
"TBM2012071306",27.989683,-82.68485
"TBM2012070405",27.863783,-82.543566
"TBM2012080405",27.95985,-82.7043
"TBM2012101402",27.962083,-82.684816
"TBM2012111107",27.881716,-82.540233
"TBM2012120401",27.844916,-82.55405
"TBM2012090307",27.9039,-82.630016
"TBM2012091304",28.0174,-82.667533
"TBM2012081408",27.939033,-82.678916
"TBM2012090301",27.9039,-82.534983
"TBM2012091302",27.881783,-82.539833
"TBM2012031102",27.9574,-82.712333
"TBM2012110403",27.870916,-82.591333
"TBM2012100402",27.868016,-82.5367
"TBM2012110607",27.9612,-82.690633
"TBM2012111106",27.900416,-82.537533
"TBM2012040403",27.9485,-82.630916
"TBM2012021001",27.9941,-82.62565
"TBM2012030903",27.837516,-82.584183
"TBM2012101404",27.922116,-82.695283
"TBM2012101606",27.966616,-82.558866
"TBM2013020504",27.94255,-82.556266
"TBM2012121005",27.89425,-82.540166
"TBM2013010702",27.826016,-82.592983
"TBM2013020801",27.963283,-82.6738
"TBM2013020502",27.943,-82.656466
"TBM2012120505",27.95695,-82.7118
"TBM2012121004",27.878716,-82.581466
"TBM2013030308",27.978166,-82.620333
"TBM2013040501",27.966133,-82.5583
"TBM2013040502",27.963016,-82.688133
"TBM2013041003",27.970183,-82.59265
"TBM2012060806",27.843816,-82.571516
"TBM2012061003",27.881966,-82.618483
"TBM2013041005",27.93595,-82.7148
"TBM2013041006",27.954133,-82.684
"TBM2013030301",27.966516,-82.64975
"TBM2013030502",27.906966,-82.651466
"TBM2013040503",27.981516,-82.69295
"TBM2013030307",27.969333,-82.576366
"TBM2013030309",27.971783,-82.61355
"TBM2013050404",27.8648,-82.596433
"TBM2012071106",28.009616,-82.677383
"TBM2012071302",27.961366,-82.5645
"TBM2012040402",27.920566,-82.534483
"TBM2012050306",27.962216,-82.568283
"TBM2012081405",27.9208,-82.5343
"TBM2012030103",27.955666,-82.70385
"TBM2012101603",27.909083,-82.537666
"TBM2012060301",27.971983,-82.59995
"TBM2012070605",27.828566,-82.590016
"TBM2012080404",27.910783,-82.6579
"TBM2012080403",27.914666,-82.67075
"TBM2012040407",27.87925,-82.579633
"TBM2012081404",27.90745,-82.534733
"TBM2012081406",27.941333,-82.55065
"TBM2012090305",27.907233,-82.634866
"TBM2012091303",27.96105,-82.692883
"TBM2012091301",27.970066,-82.617083
"TBM2012110402",27.854066,-82.590566
"TBM2012071103",27.942566,-82.63195
"TBM2012080505",27.878733,-82.53235
"TBM2012081401",27.870583,-82.5392
"TBM2012081407",27.917716,-82.68225
"TBM2012101602",27.917283,-82.60805
"TBM2012081409",27.990783,-82.655483
"TBM2012121001",28.00465,-82.670216
"TBM2013020807",27.896783,-82.6402
"TBM2013031108",27.842316,-82.585216
"TBM2013030505",27.973866,-82.592716
"TBM2013031101",27.836883,-82.538483
"TBM2013040707",27.872283,-82.604433
"TBM2012110604",27.952883,-82.5479
"TBM2012110608",27.95265,-82.687633
"TBM2012101607",27.96415,-82.566816
"TBM2012120402",27.8482,-82.554833
"TBM2012120501",27.972633,-82.609566
"TBM2013041001",27.974316,-82.601016
"TBM2012121002",27.963216,-82.6886
"TBM2013020503",27.92565,-82.635883
"TBM2013010301",27.884533,-82.610933
"TBM2013010305",27.940916,-82.551883
"TBM2013040704",27.826266,-82.588666
"TBM2013041008",27.995866,-82.645916
"TBM2013051401",27.97135,-82.605566
"TBM2013051402",27.923716,-82.693383
"TBM2013030303",27.939533,-82.552083
"TBM2013030306",27.952366,-82.554916
"TBM2013030504",27.914633,-82.620133
"TBM2013041009",27.967383,-82.642083
"TBM2013060803",28.007233,-82.65505
"TBM2013060807",27.962233,-82.683283
"TBM2013051403",27.969616,-82.690616
"TBM2013060801",28.022933,-82.68655
"TBM2013051405",28.011,-82.65515
"TBM2013060603",27.910816,-82.626233
"TBM2013060407",27.835983,-82.589216
"TBM2013060606",27.953516,-82.718333
"TBM2013060607",27.985933,-82.615933
"TBM2013060805",27.9,-82.6368
"TBM2013050502",27.9835,-82.644133
"TBM2013060608",27.983216,-82.607966
"TBM2013070704",27.86385,-82.543516
"TBM2013071304",27.958183,-82.705566
"TBM2013071309",27.961933,-82.68785
"TBM2013070706",27.882016,-82.538366
"TBM2013080202",27.8821,-82.618766
"TBM2013080307",27.871366,-82.53895
"TBM2013081204",27.882683,-82.616783
"TBM2013081207",27.972133,-82.679433
"TBM2013071203",27.908283,-82.628433
"TBM2013080203",27.934683,-82.716216
"TBM2013080204",27.947533,-82.723883
"TBM2013070701",27.85915,-82.596116
"TBM2013100402",27.955816,-82.610716
"TBM2013091202",27.989233,-82.685316
"TBM2013091203",27.927183,-82.692066
"TBM2013091205",27.955016,-82.719883
"TBM2013091302",27.854833,-82.596816
"TBM2013100405",27.927233,-82.705933
"TBM2013060605",27.9405,-82.719983
"TBM2013070305",27.860083,-82.59055
"TBM2013070705",27.876716,-82.531416
"TBM2013071302",27.94445,-82.55
"TBM2013080205",27.956683,-82.717783
"TBM2013060601",27.938783,-82.554966
"TBM2013071305",27.98485,-82.658383
"TBM2013091206",27.957983,-82.709283
"TBM2013101203",27.947883,-82.723666
"TBM2013100408",27.885483,-82.61185
"TBM2013080308",27.880816,-82.539216
"TBM2009071303",27.94455,-82.608033
"TBM2009080304",27.9808,-82.693016
"TBM2013081201",27.938316,-82.536383
"TBM2013091301",27.882566,-82.6196
"TBM2013091303",27.84895,-82.591133
"TBM2013101201",27.937666,-82.56235
"TBM2013101206",28.00805,-82.6768
"TBM2013110601",27.93915,-82.556783
"TBM2013110607",27.974966,-82.665216
"TBM2013110705",27.919316,-82.687716
"TBM2013121003",27.930816,-82.7095
"TBM2013110702",27.888283,-82.633333
"TBM2013110703",27.91095,-82.6255
"TBM2013120306",27.959366,-82.70645
"TBM2014010508",27.849766,-82.55515
"TBM2014010706",27.899166,-82.62835
"TBM2013110608",27.978566,-82.6102
"TBM2013110701",27.881666,-82.5399
"TBM2013110602",27.90525,-82.53865
"TBM2013110603",27.92975,-82.660266
"TBM2013120203",27.8638,-82.596
"TBM2013101202",27.924633,-82.69275
"TBM2013110606",27.957283,-82.706266
"TBM2013110605",27.922133,-82.68835
"TBM2013110704",27.9155,-82.678833
"TBM2013110604",27.9398,-82.657583
"TBM2014020405",27.86615,-82.6041
"TBM2013110706",28.018233,-82.666916
"TBM2014031205",27.9263,-82.532633
"TBM2014031302",27.922366,-82.647716
"TBM2014040902",28.00735,-82.664216
"TBM2014050907",27.966683,-82.587033
"TBM2014020305",27.905616,-82.64835
"TBM2014061306",27.964283,-82.572916
"TBM2013090902",27.93045,-82.5916
"TBM2013100403",27.955366,-82.703183
"TBM2014051302",27.9704,-82.6175
"TBM2014071201",27.982033,-82.692716
"TBM2014091406",27.853416,-82.553883
"TBM2014071105",27.924366,-82.533116
"TBM2014071108",27.957233,-82.605866
"TBM2014080106",27.90455,-82.632766
"TBM2014120801",27.86785,-82.537516
"TBM2014090805",27.874333,-82.61115
"TBM2014090807",27.941316,-82.545633
"TBM2015031206",27.958716,-82.705416
"TBM2015040305",27.84885,-82.5469
"TBM2015041004",28.001283,-82.655533
"TBM2015041103",27.974233,-82.597633
"TBM2015041105",27.90945,-82.653216
"TBM2014030904",27.835266,-82.583183
"TBM2014101102",27.92905,-82.536716
"TBM2014040110",27.881566,-82.5374
"TBM2014040907",27.925916,-82.701566
"TBM2014061104",27.864083,-82.546516
"TBM2014071203",27.9101,-82.629416
"TBM2014071204",27.889733,-82.637433
"TBM2014050807",27.85265,-82.554516
"TBM2014051303",27.9632,-82.687666
"TBM2014080904",27.87935,-82.533066
"TBM2014091407",27.851533,-82.554866
"TBM2014040905",27.958066,-82.68415
"TBM2014100407",27.956633,-82.7171
"TBM2014040906",27.95745,-82.71305
"TBM2014060206",27.927216,-82.693633
"TBM2014120802",27.863683,-82.544966
"TBM2015010806",27.916216,-82.535033
"TBM2015011307",27.931183,-82.533816
"TBM2014040103",27.891283,-82.62715
"TBM2014021106",27.938516,-82.558183
"TBM2014030905",27.86425,-82.56385
"TBM2014061105",27.88115,-82.538483
"TBM2014050903",27.881816,-82.618583
"TBM2014051301",27.973266,-82.606883
"TBM2014071104",27.935733,-82.681116
"TBM2014061305",27.94665,-82.723733
"TBM2014071107",27.9491,-82.56185
"TBM2014071206",28.00915,-82.676533
"TBM2014070708",27.864133,-82.541366
"TBM2014090506",27.9127,-82.662216
"TBM2014071202",27.963166,-82.687683
"TBM2014111203",28.00835,-82.655016
"TBM2014061303",27.970166,-82.5745
"TBM2015020605",27.902483,-82.644633
"TBM2015021202",27.826083,-82.596966
"TBM2015021203",27.851783,-82.590866
"TBM2015041003",27.967683,-82.646816
"TBM2014080706",27.962583,-82.665183
"TBM2013120302",27.9047,-82.637883
"TBM2013120303",27.915916,-82.684083
"TBM2014080101",27.973533,-82.592883
"TBM2014051308",28.010633,-82.657016
"TBM2014071101",27.996366,-82.6549
"TBM2014080103",27.961666,-82.6872
"TBM2014090508",27.95435,-82.577083
"TBM2014100404",27.9162,-82.683683
"TBM2014090803",28.006116,-82.6642
"TBM2014121005",27.93995,-82.550583
"TBM2014121009",27.96785,-82.63855
"TBM2014100405",27.9613,-82.689766
"TBM2014100705",27.86485,-82.596066
"TBM2015031207",27.946216,-82.72245
"TBM2015041002",27.9807,-82.637733
"TBM2014090804",27.87605,-82.61175
"TBM2014100403",27.911116,-82.659183
"TBM2014071205",28.006816,-82.675866
"TBM2014111201",27.96,-82.54945
"TBM2014090504",27.955366,-82.701383
"TBM2014100401",27.8834,-82.620016
"TBM2014111304",27.958083,-82.709316
"TBM2015011302",27.958033,-82.65395
"TBM2015020606",27.886266,-82.618933
"TBM2014120207",27.966133,-82.558283
"TBM2015010708",27.882066,-82.5399
"TBM2015021205",27.863866,-82.545216
"TBM2015051204",28.02015,-82.666233
"TBM2015051205",27.964283,-82.657183
"TBM2015020607",27.9322,-82.543366
"TBD1996091704",27.8405,-82.543167
"TBD1997112103",27.832333,-82.596333
"TBD2002100203",27.98655,-82.614217
"TBM2014120808",27.871066,-82.608366
"TBM2015010706",27.867766,-82.537216
"TBM2015011306",27.9349,-82.539466
"TBM2009100104",27.998616,-82.6572
"TBM2009111107",28.024066,-82.67755
"TBM2015031205",27.962333,-82.695016
"TBM2015041107",27.879466,-82.53335
"TBM2015031006",27.896383,-82.641516
"TBM2015060404",27.936966,-82.56015
"TBM2015061104",27.929766,-82.689066
"TBM2015061406",27.853216,-82.55405
"TBM2015061106",27.8991,-82.6415
"TBM2015070206",27.864133,-82.548433
"TBM2015060406",27.910316,-82.620266
"TBM2015061101",27.9564,-82.711383
"TBM2015060407",27.875983,-82.611666
"TBM2015081106",27.939033,-82.710783
"TBM2015070802",27.91595,-82.682583
"TBM2015070804",28.01015,-82.678183
"TBM2015081108",27.940116,-82.55375
"TBM2015081206",27.9572,-82.716266
"TBM2015100602",27.868383,-82.535533
"TBM2015010702",27.873666,-82.599733
"TBM2015020603",27.9511,-82.699333
"TBM2015091603",27.936433,-82.719933
"TBM2015100603",27.864216,-82.540833
"TBM2015100905",27.966683,-82.6465
"TBM2015111103",27.911533,-82.65915
"TBM2015110702",27.8635,-82.543633
"TBM2015120406",27.969566,-82.579966
"TBM2015120303",27.85155,-82.555266
"TBM2015120503",27.845633,-82.55425
"TBM2016020203",27.964233,-82.665883
"TBM2015060403",27.9362,-82.539916
"TBM2015061407",27.864183,-82.541566
"TBM2015070604",27.918883,-82.610616
"TBM2015070803",27.9685,-82.6922
"TBM2016040802",27.889983,-82.542016
"TBM2016050703",27.875766,-82.611366
"TBM2016062003",27.97335,-82.581616
"TBM2016062208",27.929966,-82.537566
"TBM2016062214",27.910433,-82.536166
"TBM2015081205",27.946216,-82.721933
"TBM2015090802",27.920466,-82.566516
"TBM2015091503",27.876733,-82.595383
"TBM2015061105",27.91455,-82.666833
"TBM2015110704",27.9659,-82.56595
"TBM2015111101",27.9705,-82.613166
"TBM2015120407",27.957733,-82.5518
"TBM2016021207",27.967766,-82.638816
"TBM2016030301",27.8757,-82.600716
"TBM2016031201",27.98245,-82.676116
"TBM2016031206",27.966316,-82.557966
"TBM2016021204",27.938633,-82.558433
"TBM2016031202",27.976766,-82.683816
"TBM2016031205",27.94265,-82.5649
"TBM2016040401",27.966116,-82.558933
"TBM2015061402",27.843566,-82.59585
"TBM2015070205",27.86435,-82.596233
"TBM2016052108",27.9354,-82.53595
"TBM2016052109",27.935233,-82.537916
"TBM2016060801",27.97385,-82.60165
"TBM2015051208",27.92055,-82.682
"TBM2015070601",27.975433,-82.58185
"TBM2015070605",27.885383,-82.612233
"TBM2015070607",27.940333,-82.553416
"TBM2015091506",27.839616,-82.59135
"TBM2015091601",27.90105,-82.640266
"TBM2015100204",27.908966,-82.628483
"TBM2015100205",27.909483,-82.629516
"TBM2016050203",27.905833,-82.631766
"TBM2016050307",27.852516,-82.554816
"TBM2016050701",27.973683,-82.603633
"TBM2015120501",27.86645,-82.600016
"TBM2015120504",27.8494,-82.555
"TBM2016010306",27.89595,-82.5334
"TBM2016020206",27.882533,-82.619233
"TBM2016031203",27.942783,-82.64585
"TBM2016040801",27.94265,-82.629316
"TBM2016040804",27.927683,-82.53305
"TBM2016040806",27.98855,-82.616166
"TBM2016050303",27.826233,-82.592883
"TBM2016052307",27.9059,-82.534066
"TBM2016052308",27.90605,-82.535266
"TBM2016052309",27.903433,-82.537283
"TBM2016060106",27.849416,-82.5552
"TBM2015090803",27.937516,-82.639033
"TBM2015100207",27.933866,-82.716366
"TBM2015100601",27.851116,-82.555466
"TBM2015100904",27.912,-82.66145
"TBM2015091504",27.876283,-82.598383
"TBM2015100506",27.84225,-82.583683
"TBM2015070603",27.932716,-82.647116
"TBM2016062206",27.935033,-82.5359
"TBM2016070501",27.88185,-82.539883
"TBM2016070908",28.018283,-82.666583
"TBM2015090806",28.017033,-82.66745
"TBM2015091605",27.963166,-82.67495
"TBM2015100208",27.952283,-82.7176
"TBM2015100906",28.01825,-82.666866
"TBM2015120307",27.94815,-82.55165
"TBM2015120405",27.968166,-82.636466
"TBM2016011008",27.940566,-82.54275
"TBM2016011205",27.843,-82.587933
"TBM2016021205",27.94145,-82.559416
"TBM2015110504",27.845833,-82.593766
"TBM2015111108",28.005666,-82.664066
"TBM2016010301",27.970083,-82.617483
"TBM2016050702",27.942183,-82.549266
"TBM2015081203",27.88165,-82.617216
"TBM2016021203",27.942983,-82.54165
"TBM2016040205",27.8434,-82.5879
"TBM2015110506",27.863916,-82.541433
"TBM2015110701",27.848383,-82.548266
"TBM2015111107",28.022616,-82.680933
"TBM2015081102",27.9977,-82.660283
"TBM2015081105",27.942883,-82.71985
"TBM2016050202",27.887983,-82.598666
"TBM2016050705",27.95745,-82.712466
"TBM2016052111",27.93945,-82.5454
"TBM2016052402",27.973633,-82.582416
"TBM2015090807",27.988666,-82.638966
"TBM2015111104",27.91635,-82.683783
"TBM2015111105",27.936533,-82.724366
"TBM2016050704",27.9567,-82.7182
"TBM2016052310",27.90135,-82.538333
"TBM2016060809",27.966333,-82.5588
"TBM2016030501",27.913516,-82.66745
"TBM2015111102",27.90725,-82.6334
"TBM2016060205",27.886733,-82.613083
"TBM2016030506",27.974033,-82.594866
"TBM2016040805",27.955816,-82.58255
"TBM2009121001",27.874316,-82.597016
"TBM2010011104",27.947283,-82.709666
"TBM2010011108",27.959583,-82.565016
"TBM2010030804",27.887916,-82.6352
"TBM2010032001",27.884683,-82.61065
"TBM2010041107",27.85925,-82.590116
"TBM2010050302",27.84275,-82.5476
"TBM2010050501",27.920716,-82.53425
"TBM2016062213",27.912983,-82.533933
"TBM2016070802",27.97615,-82.578883
"TBM2016052105",27.931266,-82.539583
"TBM2016062004",27.9741,-82.584083
"TBM2016062216",27.902966,-82.537766
"TBM2016070508",27.859683,-82.596366
"TBM2016052401",27.97385,-82.582016
"TBM2016070801",27.9769,-82.580533
"TBM2016072106",27.93995,-82.543266
"TBM2016081401",28.02095,-82.665916
"TBM2016062001",27.976083,-82.579783
"TBM2016062002",27.975883,-82.57945
"TBM2016062201",27.938633,-82.545866
"TBM2016062202",27.936866,-82.540733
"TBM2016062205",27.933683,-82.536766
"TBM2016072109",27.926783,-82.544766
"TBM2016072112",27.9302,-82.539066
"TBM2016062215",27.904366,-82.534116
"TBM2016062218",27.89975,-82.548233
"TBM2016072102",27.935516,-82.5359
"TBM2016072107",27.931433,-82.554266
"TBM2016062207",27.930883,-82.53885
"TBM2016070804",27.975516,-82.5836
"TBM2016070901",27.97225,-82.586983
"TBM2016080705",27.958683,-82.612583
"TBM2016082206",27.936516,-82.5416
"TBM2016052106",27.931716,-82.537766
"TBM2016060206",27.881033,-82.616166
"TBM2016081405",27.913233,-82.6673
"TBM2016082218",27.899533,-82.537966
"TBM2016090504",27.839933,-82.593133
"TBM2016072103",27.935766,-82.537066
"TBM2016072104",27.9392,-82.5383
"TBM2016072115",27.9041,-82.53585
"TBM2016072113",27.9085,-82.53665
"TBM2016082001",27.973283,-82.5815
"TBM2016080505",27.850416,-82.555366
"TBM2016091107",27.975366,-82.5794
"TBM2016091108",27.97585,-82.5802
"TBM2016070805",27.9458,-82.64715
"TBM2016070808",27.899033,-82.5379
"TBM2016070902",27.959,-82.707033
"TBM2016072111",27.93095,-82.5395
"TBM2016072114",27.9058,-82.533983
"TBM2016070903",27.963883,-82.69185
"TBM2016080709",27.878733,-82.542533
"TBM2016082211",27.927316,-82.546066
"TBM2016091507",27.971633,-82.60405
"TBM2010100108",27.973716,-82.606033
"TBM2010100603",27.833566,-82.5391
"TBM2016080701",27.890183,-82.542166
"TBM2016082003",27.976566,-82.579566
"TBM2016082204",27.932383,-82.5349
"TBM2016091405",27.835933,-82.583216
"TBM2016092005",27.929783,-82.538316
"TBM2016080706",27.935466,-82.627033
"TBM2016081407",27.962566,-82.682016
"TBM2016082205",27.935483,-82.538916
"TBM2016082217",27.904283,-82.534316
"TBM2016100505",27.975616,-82.582016
"TBM2016100507",27.9753,-82.578933
"TBM2016082215",27.898416,-82.549116
"TBM2016091102",28.009683,-82.6396
"TBM2016091503",28.004233,-82.668783
"TBM2016091105",27.973616,-82.5799
"TBM2016091106",27.97465,-82.580233
"TBM2016091506",27.91735,-82.629216
"TBM2016100504",27.974233,-82.582116
"TBM2016092007",27.937916,-82.549033
"TBM2016092009",27.93605,-82.539566
"TBM2016101303",27.918783,-82.68695
"TBM2016101306",28.024183,-82.665383
"TBM2016101902",27.8798,-82.533166
"TBM2016092004",27.909116,-82.536616
"TBM2016101301",27.88195,-82.61835
"TBM2016101307",27.974133,-82.595833
"TBM2016102009",27.929333,-82.533733
"TBM2016102010",27.929066,-82.533516
"TBM2016102015",27.8997,-82.538083
"TBM2016110909",27.973866,-82.58385
"TBM2016111102",27.932316,-82.53535
"TBM2016121203",27.845116,-82.593833
"TBM2016101302",27.911466,-82.659116
"TBM2016102006",27.931033,-82.538483
"TBM2016102016",27.898466,-82.5392
"TBM2016110405",27.963,-82.689383
"TBM2016110906",27.975816,-82.579
"TBM2016082203",27.932983,-82.535783
"TBM2016091104",27.9681,-82.63645
"TBM2016120102",27.918566,-82.685983
"TBM2016092002",27.901483,-82.53835
"TBM2016092006",27.930633,-82.537066
"TBM2016101305",27.921883,-82.681233
"TBM2016102008",27.93665,-82.536283
"TBM2016111101",27.929783,-82.5343
"TBM2016100506",27.977033,-82.580283
"TBM2016110404",27.92705,-82.704966
"TBM2016102002",27.94035,-82.542583
"TBM2016102005",27.9298,-82.53845
"TBM2016110403",27.92625,-82.7045
"TBM2016110902",27.93745,-82.56155
"TBM2016110903",27.970566,-82.611066
"TBM2016111103",27.936066,-82.536383
"TBM2016110406",27.913816,-82.623833
"TBM2016110507",27.837683,-82.589966
"TBM2016111104",27.939633,-82.53865
"TBM2016111112",27.931066,-82.538033
"TBM2016111114",27.9053,-82.53255
"TBM2016120217",27.9098,-82.53585
"TBM2016091404",27.8504,-82.554916
"TBM2016100503",27.963083,-82.685466
"TBM2016101602",27.8551,-82.593566
"TBM2016101901",27.881433,-82.539866
"TBM2016111113",27.912116,-82.53535
"TBM2016092001",27.8997,-82.537766
"TBM2016101304",27.922233,-82.68815
"TBM2016101904",27.92425,-82.532366
"TBM2016110402",27.9131,-82.6752
"TBM2016120103",28.017833,-82.667716
"TBM2016110907",27.975766,-82.578766
"TBM2016120202",27.930433,-82.534216
"TBM2016121104",27.939333,-82.707866
"TBM2016120201",27.928066,-82.533833
"TBM2016120204",27.93625,-82.541
"TBM2016110904",27.970333,-82.617316
"TBM2016111116",27.8999,-82.538066
"TBM2016121308",27.975483,-82.583416
"TBM2010121009",27.958516,-82.601766
"TBM2011020305",27.831116,-82.58145
"TBM2011091001",27.96005,-82.701583
"TBM2012020807",27.8805,-82.60215
"TBM2012031105",28.01845,-82.66665
"TBM2012071301",27.94325,-82.54635
"TBM2013010302",27.9159,-82.683466
"TBM2013020505",27.9149,-82.535133
"TBM2013020803",27.938783,-82.719983
"TBM2013030304",27.939766,-82.540483
"TBM2013080201",27.9097,-82.642716
"TBM2014010507",27.842766,-82.54485
"TBM2014010905",27.888033,-82.635833
"TBM2014031303",27.924566,-82.685133
"TBM2014050906",27.929866,-82.695183
"TBM2014060701",27.843983,-82.5883
"TBM2014080708",27.978233,-82.624383
"TBM2014100704",27.835433,-82.5831
"TBM2014120205",27.95835,-82.708766
"TBM2015011308",27.9503,-82.563716
"TBM2015070801",27.9274,-82.705766
"TBM2015110705",27.940116,-82.547866
"TBM2015111106",27.957333,-82.716583
"TBM2016050207",27.9608,-82.566366
"TBM2016062203",27.9363,-82.536483
"TBM2016072101",27.934783,-82.536716
"TBM2016072105",27.940466,-82.538833
"TBM2016080703",27.9087,-82.567566
"TBM2016082202",27.9122,-82.535216
"TBM2016091505",27.91625,-82.6705
"TBM2016100501",28.010083,-82.654616
"TBM2016102007",27.9394,-82.539616
"TBM2016110509",27.873233,-82.601683
"TBM2016110908",27.974266,-82.5816
